reporter_WHO_region,Vaccine,avg_price_per_dose,sectoral_score_mean,trade_lib_score_mean,regulatory_score_mean,deal_type_weight_mean,intra_regional_share,deal_count,health_coverage,ipr_coverage,env_coverage,consumer_prot_coverage,innovation_coverage,illicit_drugs_coverage,social_matters_coverage,num_manufacturers,total_annual_volume,log_price
AFRO,BCG,0.254884279,-1.201735202,-1.083808209,-0.987542909,-1.223510468,-0.821893739,-0.555029946,-0.95728354,0.194491786,-0.033806294,-0.726135054,-1.167213189,0,-0.598785597,1.586456584,1.935370058,0.22704336
AFRO,COVID-19,8.8773,-1.201735202,-1.083808209,-0.987542909,-1.223510468,-0.821893739,-0.555029946,-0.95728354,0.194491786,-0.033806294,-0.726135054,-1.167213189,0,-0.598785597,2.769576747,4.054326361,2.290239195
AFRO,DT,0.838403902,-1.201735202,-1.083808209,-0.987542909,-1.223510468,-0.821893739,-0.555029946,-0.95728354,0.194491786,-0.033806294,-0.726135054,-1.167213189,0,-0.598785597,0.107556379,-0.27745131,0.60889775
AFRO,DTaP-HepB-Hib-IPV,22.50178784,-1.201735202,-1.083808209,-0.987542909,-1.223510468,-0.821893739,-0.555029946,-0.95728354,0.194491786,-0.033806294,-0.726135054,-1.167213189,0,-0.598785597,-0.484003703,-0.168849516,3.157076497
AFRO,DTaP-Hib-IPV,9.993568,-1.201735202,-1.083808209,-0.987542909,-1.223510468,-0.821893739,-0.555029946,-0.95728354,0.194491786,-0.033806294,-0.726135054,-1.167213189,0,-0.598785597,-0.779783744,-0.308554404,2.397310375
AFRO,DTaP-IPV,10.91206868,-1.201735202,-1.083808209,-0.987542909,-1.223510468,-0.821893739,-0.555029946,-0.95728354,0.194491786,-0.033806294,-0.726135054,-1.167213189,0,-0.598785597,-0.779783744,-0.300571615,2.477552061
AFRO,DTwP,0.531958753,-1.201735202,-1.083808209,-0.987542909,-1.223510468,-0.821893739,-0.555029946,-0.95728354,0.194491786,-0.033806294,-0.726135054,-1.167213189,0,-0.598785597,-0.188223662,-0.182138412,0.426547147
AFRO,DTwP-HepB,0.862530562,-1.201735202,-1.083808209,-0.987542909,-1.223510468,-0.821893739,-0.555029946,-0.95728354,0.194491786,-0.033806294,-0.726135054,-1.167213189,0,-0.598785597,-0.779783744,-0.256754125,0.62193608
AFRO,DTwP-HepB-Hib,1.093189588,-1.201735202,-1.083808209,-0.987542909,-1.223510468,-0.821893739,-0.555029946,-0.95728354,0.194491786,-0.033806294,-0.726135054,-1.167213189,0,-0.598785597,1.882236624,2.078916342,0.738689022
AFRO,DTwP-Hib,2.824512083,-1.201735202,-1.083808209,-0.987542909,-1.223510468,-0.821893739,-0.555029946,-0.95728354,0.194491786,-0.033806294,-0.726135054,-1.167213189,0,-0.598785597,-0.779783744,-0.292725475,1.341430899
AFRO,HPV2,10.17421953,-1.201735202,-1.083808209,-0.987542909,-1.223510468,-0.821893739,-0.555029946,-0.95728354,0.194491786,-0.033806294,-0.726135054,-1.167213189,0,-0.598785597,-0.779783744,-0.271401975,2.413609297
AFRO,HPV4,7.437110143,-1.201735202,-1.083808209,-0.987542909,-1.223510468,-0.821893739,-0.555029946,-0.95728354,0.194491786,-0.033806294,-0.726135054,-1.167213189,0,-0.598785597,-0.484003703,-0.040213506,2.13263985
AFRO,HepA (adult),29.43471737,-1.201735202,-1.083808209,-0.987542909,-1.223510468,-0.821893739,-0.555029946,-0.95728354,0.194491786,-0.033806294,-0.726135054,-1.167213189,0,-0.598785597,-0.779783744,-0.314195936,3.415583976
AFRO,HepA (ped.),23.48989347,-1.201735202,-1.083808209,-0.987542909,-1.223510468,-0.821893739,-0.555029946,-0.95728354,0.194491786,-0.033806294,-0.726135054,-1.167213189,0,-0.598785597,-0.779783744,-0.314301066,3.198260521
AFRO,HepB (adult),1.413551026,-1.201735202,-1.083808209,-0.987542909,-1.223510468,-0.821893739,-0.555029946,-0.95728354,0.194491786,-0.033806294,-0.726135054,-1.167213189,0,-0.598785597,0.699116461,-0.299328572,0.881099118
AFRO,HepB (ped.),0.439631275,-1.201735202,-1.083808209,-0.987542909,-1.223510468,-0.821893739,-0.555029946,-0.95728354,0.194491786,-0.033806294,-0.726135054,-1.167213189,0,-0.598785597,0.40333642,-0.016714392,0.364387022
AFRO,Hib,4.565257807,-1.201735202,-1.083808209,-0.987542909,-1.223510468,-0.821893739,-0.555029946,-0.95728354,0.194491786,-0.033806294,-0.726135054,-1.167213189,0,-0.598785597,-0.779783744,-0.314149314,1.71654331
AFRO,IPV,2.242025537,-1.201735202,-1.083808209,-0.987542909,-1.223510468,-0.821893739,-0.555029946,-0.95728354,0.194491786,-0.033806294,-0.726135054,-1.167213189,0,-0.598785597,1.290676543,0.608036896,1.1761983
AFRO,IPV fractional dose,1.013833333,-1.201735202,-1.083808209,-0.987542909,-1.223510468,-0.821893739,-0.555029946,-0.95728354,0.194491786,-0.033806294,-0.726135054,-1.167213189,0,-0.598785597,-0.188223662,-0.302011383,0.700040037
AFRO,MMR,3.776292612,-1.201735202,-1.083808209,-0.987542909,-1.223510468,-0.821893739,-0.555029946,-0.95728354,0.194491786,-0.033806294,-0.726135054,-1.167213189,0,-0.598785597,-0.484003703,-0.254610184,1.563664641
AFRO,MR,0.847614178,-1.201735202,-1.083808209,-0.987542909,-1.223510468,-0.821893739,-0.555029946,-0.95728354,0.194491786,-0.033806294,-0.726135054,-1.167213189,0,-0.598785597,-0.188223662,1.218696745,0.613895173
AFRO,Malaria,8.531052632,-1.201735202,-1.083808209,-0.987542909,-1.223510468,-0.821893739,-0.555029946,-0.95728354,0.194491786,-0.033806294,-0.726135054,-1.167213189,0,-0.598785597,-0.484003703,-0.272293124,2.254555166
AFRO,Measles,0.418889479,-1.201735202,-1.083808209,-0.987542909,-1.223510468,-0.821893739,-0.555029946,-0.95728354,0.194491786,-0.033806294,-0.726135054,-1.167213189,0,-0.598785597,0.40333642,1.483271029,0.349874509
AFRO,MenA conj.,0.68962375,-1.201735202,-1.083808209,-0.987542909,-1.223510468,-0.821893739,-0.555029946,-0.95728354,0.194491786,-0.033806294,-0.726135054,-1.167213189,0,-0.598785597,-0.779783744,0.212197472,0.524505871
AFRO,MenAC Ps,1.996213,-1.201735202,-1.083808209,-0.987542909,-1.223510468,-0.821893739,-0.555029946,-0.95728354,0.194491786,-0.033806294,-0.726135054,-1.167213189,0,-0.598785597,-0.484003703,-0.313257452,1.097349158
AFRO,MenACW-135 Ps,,-1.201735202,-1.083808209,-0.987542909,-1.223510468,-0.821893739,-0.555029946,-0.95728354,0.194491786,-0.033806294,-0.726135054,-1.167213189,0,-0.598785597,-0.779783744,-0.3137951,
AFRO,MenACYW-135 Conj.,26.4193154,-1.201735202,-1.083808209,-0.987542909,-1.223510468,-0.821893739,-0.555029946,-0.95728354,0.194491786,-0.033806294,-0.726135054,-1.167213189,0,-0.598785597,-0.779783744,-0.314282846,3.311247707
AFRO,MenACYW-135 Ps,12.87936449,-1.201735202,-1.083808209,-0.987542909,-1.223510468,-0.821893739,-0.555029946,-0.95728354,0.194491786,-0.033806294,-0.726135054,-1.167213189,0,-0.598785597,-0.188223662,-0.310536269,2.630403168
AFRO,MenACYW-135 conj.,24.5070111,-1.201735202,-1.083808209,-0.987542909,-1.223510468,-0.821893739,-0.555029946,-0.95728354,0.194491786,-0.033806294,-0.726135054,-1.167213189,0,-0.598785597,-0.484003703,-0.312951213,3.238953359
AFRO,MenACYWX conj.,3,-1.201735202,-1.083808209,-0.987542909,-1.223510468,-0.821893739,-0.555029946,-0.95728354,0.194491786,-0.033806294,-0.726135054,-1.167213189,0,-0.598785597,-0.779783744,-0.307004889,1.386294361
AFRO,OCV,1.778422324,-1.201735202,-1.083808209,-0.987542909,-1.223510468,-0.821893739,-0.555029946,-0.95728354,0.194491786,-0.033806294,-0.726135054,-1.167213189,0,-0.598785597,-0.188223662,-0.143292636,1.021883257
AFRO,PCV10,3.80094205,-1.201735202,-1.083808209,-0.987542909,-1.223510468,-0.821893739,-0.555029946,-0.95728354,0.194491786,-0.033806294,-0.726135054,-1.167213189,0,-0.598785597,-0.484003703,0.58852703,1.568812159
AFRO,PCV13,5.976474,-1.201735202,-1.083808209,-0.987542909,-1.223510468,-0.821893739,-0.555029946,-0.95728354,0.194491786,-0.033806294,-0.726135054,-1.167213189,0,-0.598785597,-0.779783744,1.230833297,1.942543632
AFRO,PPSV23,13.02827621,-1.201735202,-1.083808209,-0.987542909,-1.223510468,-0.821893739,-0.555029946,-0.95728354,0.194491786,-0.033806294,-0.726135054,-1.167213189,0,-0.598785597,-0.484003703,-0.314224425,2.641075022
AFRO,RV1,2.903891644,-1.201735202,-1.083808209,-0.987542909,-1.223510468,-0.821893739,-0.555029946,-0.95728354,0.194491786,-0.033806294,-0.726135054,-1.167213189,0,-0.598785597,-0.484003703,0.346250581,1.361973913
AFRO,RV5,1.548650978,-1.201735202,-1.083808209,-0.987542909,-1.223510468,-0.821893739,-0.555029946,-0.95728354,0.194491786,-0.033806294,-0.726135054,-1.167213189,0,-0.598785597,-0.484003703,-0.047973203,0.935564191
AFRO,Rabies,9.407981987,-1.201735202,-1.083808209,-0.987542909,-1.223510468,-0.821893739,-0.555029946,-0.95728354,0.194491786,-0.033806294,-0.726135054,-1.167213189,0,-0.598785597,0.40333642,-0.299207508,2.342573011
AFRO,Rota,3.626441961,-1.201735202,-1.083808209,-0.987542909,-1.223510468,-0.821893739,-0.555029946,-0.95728354,0.194491786,-0.033806294,-0.726135054,-1.167213189,0,-0.598785597,0.107556379,0.374779207,1.531788098
AFRO,TCV,1.43125,-1.201735202,-1.083808209,-0.987542909,-1.223510468,-0.821893739,-0.555029946,-0.95728354,0.194491786,-0.033806294,-0.726135054,-1.167213189,0,-0.598785597,-0.484003703,-0.282821624,0.888405528
AFRO,TT,0.32852846,-1.201735202,-1.083808209,-0.987542909,-1.223510468,-0.821893739,-0.555029946,-0.95728354,0.194491786,-0.033806294,-0.726135054,-1.167213189,0,-0.598785597,2.178016665,0.221169828,0.284071909
AFRO,Td,0.213742182,-1.201735202,-1.083808209,-0.987542909,-1.223510468,-0.821893739,-0.555029946,-0.95728354,0.194491786,-0.033806294,-0.726135054,-1.167213189,0,-0.598785597,3.065356788,1.475583021,0.193708299
AFRO,TdaP,12.02917762,-1.201735202,-1.083808209,-0.987542909,-1.223510468,-0.821893739,-0.555029946,-0.95728354,0.194491786,-0.033806294,-0.726135054,-1.167213189,0,-0.598785597,-0.779783744,-0.307805889,2.567191275
AFRO,TdaP-IPV,15.85671914,-1.201735202,-1.083808209,-0.987542909,-1.223510468,-0.821893739,-0.555029946,-0.95728354,0.194491786,-0.033806294,-0.726135054,-1.167213189,0,-0.598785597,-0.779783744,-0.314275143,2.824749339
AFRO,Tdap,14.32240309,-1.201735202,-1.083808209,-0.987542909,-1.223510468,-0.821893739,-0.555029946,-0.95728354,0.194491786,-0.033806294,-0.726135054,-1.167213189,0,-0.598785597,-0.779783744,-0.314092727,2.729316012
AFRO,Tdap-IPV,14.69296477,-1.201735202,-1.083808209,-0.987542909,-1.223510468,-0.821893739,-0.555029946,-0.95728354,0.194491786,-0.033806294,-0.726135054,-1.167213189,0,-0.598785597,-0.779783744,-0.314230339,2.753212508
AFRO,Typhoid Ps,9.047016568,-1.201735202,-1.083808209,-0.987542909,-1.223510468,-0.821893739,-0.555029946,-0.95728354,0.194491786,-0.033806294,-0.726135054,-1.167213189,0,-0.598785597,-0.779783744,-0.314270583,2.307275732
AFRO,Typhoid ps,9.766115231,-1.201735202,-1.083808209,-0.987542909,-1.223510468,-0.821893739,-0.555029946,-0.95728354,0.194491786,-0.033806294,-0.726135054,-1.167213189,0,-0.598785597,-0.779783744,-0.314303146,2.376403723
AFRO,Varicella,85.66321056,-1.201735202,-1.083808209,-0.987542909,-1.223510468,-0.821893739,-0.555029946,-0.95728354,0.194491786,-0.033806294,-0.726135054,-1.167213189,0,-0.598785597,-0.779783744,-0.3143069,4.462029463
AFRO,YF,2.294478792,-1.201735202,-1.083808209,-0.987542909,-1.223510468,-0.821893739,-0.555029946,-0.95728354,0.194491786,-0.033806294,-0.726135054,-1.167213189,0,-0.598785597,0.699116461,0.871697052,1.192247974
AFRO,bOPV,0.207937891,-1.201735202,-1.083808209,-0.987542909,-1.223510468,-0.821893739,-0.555029946,-0.95728354,0.194491786,-0.033806294,-0.726135054,-1.167213189,0,-0.598785597,2.473796706,6.210451799,0.188914683
AFRO,influenza high dose vaccine,6.662829671,-1.201735202,-1.083808209,-0.987542909,-1.223510468,-0.821893739,-0.555029946,-0.95728354,0.194491786,-0.033806294,-0.726135054,-1.167213189,0,-0.598785597,-0.779783744,-0.314059716,2.036381324
AFRO,influenza inactivated vaccine,4.599762107,-1.201735202,-1.083808209,-0.987542909,-1.223510468,-0.821893739,-0.555029946,-0.95728354,0.194491786,-0.033806294,-0.726135054,-1.167213189,0,-0.598785597,-0.484003703,-0.298043964,1.722724116
AFRO,influenza quadrivalent inactivated vaccine,6.857730475,-1.201735202,-1.083808209,-0.987542909,-1.223510468,-0.821893739,-0.555029946,-0.95728354,0.194491786,-0.033806294,-0.726135054,-1.167213189,0,-0.598785597,-0.188223662,-0.288760904,2.061497821
AFRO,influenza trivalent inactivated vaccine,3.235480927,-1.201735202,-1.083808209,-0.987542909,-1.223510468,-0.821893739,-0.555029946,-0.95728354,0.194491786,-0.033806294,-0.726135054,-1.167213189,0,-0.598785597,-0.484003703,-0.298141304,1.443496882
AFRO,mOPV1,0.403191281,-1.201735202,-1.083808209,-0.987542909,-1.223510468,-0.821893739,-0.555029946,-0.95728354,0.194491786,-0.033806294,-0.726135054,-1.167213189,0,-0.598785597,-0.779783744,-0.313595402,0.338749129
AFRO,mOPV2,0.52084203,-1.201735202,-1.083808209,-0.987542909,-1.223510468,-0.821893739,-0.555029946,-0.95728354,0.194491786,-0.033806294,-0.726135054,-1.167213189,0,-0.598785597,0.107556379,0.234601793,0.419264149
AFRO,mOPV3,0.220238,-1.201735202,-1.083808209,-0.987542909,-1.223510468,-0.821893739,-0.555029946,-0.95728354,0.194491786,-0.033806294,-0.726135054,-1.167213189,0,-0.598785597,-0.779783744,-0.300985947,0.199045922
AFRO,nOPV2,0.15,-1.201735202,-1.083808209,-0.987542909,-1.223510468,-0.821893739,-0.555029946,-0.95728354,0.194491786,-0.033806294,-0.726135054,-1.167213189,0,-0.598785597,-0.484003703,0.556379243,0.139761942
AFRO,sIPV,1.399512195,-1.201735202,-1.083808209,-0.987542909,-1.223510468,-0.821893739,-0.555029946,-0.95728354,0.194491786,-0.033806294,-0.726135054,-1.167213189,0,-0.598785597,-0.779783744,-0.134930837,0.875265465
AFRO,tOPV,0.29458475,-1.201735202,-1.083808209,-0.987542909,-1.223510468,-0.821893739,-0.555029946,-0.95728354,0.194491786,-0.033806294,-0.726135054,-1.167213189,0,-0.598785597,0.699116461,-0.097847338,0.258189987
AMRO,BCG,0.325980459,0.529550308,0.726435778,0.70299937,0.427642676,0.140438036,-0.107187577,0.940486065,0.166547172,0.314594253,-0.239337601,0.796412546,0,2.093489275,1.586456584,0.265253657,0.282152155
AMRO,COVID-19,10.3415131,0.529550308,0.726435778,0.70299937,0.427642676,0.140438036,-0.107187577,0.940486065,0.166547172,0.314594253,-0.239337601,0.796412546,0,2.093489275,4.248476952,5.269380401,2.42846972
AMRO,DT,0.249801327,0.529550308,0.726435778,0.70299937,0.427642676,0.140438036,-0.107187577,0.940486065,0.166547172,0.314594253,-0.239337601,0.796412546,0,2.093489275,0.699116461,-0.216964232,0.2229846
AMRO,DT-IPV,3.1,0.529550308,0.726435778,0.70299937,0.427642676,0.140438036,-0.107187577,0.940486065,0.166547172,0.314594253,-0.239337601,0.796412546,0,2.093489275,-0.779783744,-0.31335442,1.410986974
AMRO,DTWP-HepB-Hib,0.78,0.529550308,0.726435778,0.70299937,0.427642676,0.140438036,-0.107187577,0.940486065,0.166547172,0.314594253,-0.239337601,0.796412546,0,2.093489275,-0.779783744,-0.308802651,0.576613364
AMRO,DTaP,15.65184979,0.529550308,0.726435778,0.70299937,0.427642676,0.140438036,-0.107187577,0.940486065,0.166547172,0.314594253,-0.239337601,0.796412546,0,2.093489275,0.40333642,-0.179261244,2.812521309
AMRO,DTaP-HepB-Hib-IPV,29.34947412,0.529550308,0.726435778,0.70299937,0.427642676,0.140438036,-0.107187577,0.940486065,0.166547172,0.314594253,-0.239337601,0.796412546,0,2.093489275,0.107556379,-0.239237037,3.41277919
AMRO,DTaP-HepB-IPV,50.63142857,0.529550308,0.726435778,0.70299937,0.427642676,0.140438036,-0.107187577,0.940486065,0.166547172,0.314594253,-0.239337601,0.796412546,0,2.093489275,-0.779783744,-0.246867603,3.944130568
AMRO,"DTaP-HepB-_x000D_
IPV",61.63,0.529550308,0.726435778,0.70299937,0.427642676,0.140438036,-0.107187577,0.940486065,0.166547172,0.314594253,-0.239337601,0.796412546,0,2.093489275,-0.779783744,-0.303693711,4.137244397
AMRO,DTaP-Hib-IPV,27.81852729,0.529550308,0.726435778,0.70299937,0.427642676,0.140438036,-0.107187577,0.940486065,0.166547172,0.314594253,-0.239337601,0.796412546,0,2.093489275,-0.188223662,-0.150014121,3.361018489
AMRO,DTaP-IPV,31.84340278,0.529550308,0.726435778,0.70299937,0.427642676,0.140438036,-0.107187577,0.940486065,0.166547172,0.314594253,-0.239337601,0.796412546,0,2.093489275,-0.188223662,-0.260415702,3.491750896
AMRO,DTwP,0.378813696,0.529550308,0.726435778,0.70299937,0.427642676,0.140438036,-0.107187577,0.940486065,0.166547172,0.314594253,-0.239337601,0.796412546,0,2.093489275,0.994896502,0.097580807,0.321223489
AMRO,DTwP-HepB,1.310249333,0.529550308,0.726435778,0.70299937,0.427642676,0.140438036,-0.107187577,0.940486065,0.166547172,0.314594253,-0.239337601,0.796412546,0,2.093489275,-0.779783744,-0.297534385,0.837355455
AMRO,DTwP-HepB-Hib,1.294070655,0.529550308,0.726435778,0.70299937,0.427642676,0.140438036,-0.107187577,0.940486065,0.166547172,0.314594253,-0.239337601,0.796412546,0,2.093489275,1.586456584,0.152811536,0.830327818
AMRO,DTwP-HepB-Hib-IPV,4.9,0.529550308,0.726435778,0.70299937,0.427642676,0.140438036,-0.107187577,0.940486065,0.166547172,0.314594253,-0.239337601,0.796412546,0,2.093489275,-0.779783744,-0.288375212,1.774952351
AMRO,DTwP-Hib,2.966,0.529550308,0.726435778,0.70299937,0.427642676,0.140438036,-0.107187577,0.940486065,0.166547172,0.314594253,-0.239337601,0.796412546,0,2.093489275,-0.779783744,-0.313508178,1.37775803
AMRO,Dengue,59.3425,0.529550308,0.726435778,0.70299937,0.427642676,0.140438036,-0.107187577,0.940486065,0.166547172,0.314594253,-0.239337601,0.796412546,0,2.093489275,-0.484003703,-0.295408376,4.100036665
AMRO,Diphtheria,0.189,0.529550308,0.726435778,0.70299937,0.427642676,0.140438036,-0.107187577,0.940486065,0.166547172,0.314594253,-0.239337601,0.796412546,0,2.093489275,-0.779783744,-0.31413113,0.173112618
AMRO,HPV2,8.48005919,0.529550308,0.726435778,0.70299937,0.427642676,0.140438036,-0.107187577,0.940486065,0.166547172,0.314594253,-0.239337601,0.796412546,0,2.093489275,-0.484003703,-0.282200835,2.24919056
AMRO,HPV4,10.33185939,0.529550308,0.726435778,0.70299937,0.427642676,0.140438036,-0.107187577,0.940486065,0.166547172,0.314594253,-0.239337601,0.796412546,0,2.093489275,0.40333642,-0.103614763,2.427618174
AMRO,HPV9,139.0819427,0.529550308,0.726435778,0.70299937,0.427642676,0.140438036,-0.107187577,0.940486065,0.166547172,0.314594253,-0.239337601,0.796412546,0,2.093489275,-0.484003703,-0.193072897,4.942227556
AMRO,HepA (adult),18.58161534,0.529550308,0.726435778,0.70299937,0.427642676,0.140438036,-0.107187577,0.940486065,0.166547172,0.314594253,-0.239337601,0.796412546,0,2.093489275,1.290676543,-0.29721602,2.974591133
AMRO,HepA (ped.),12.31792677,0.529550308,0.726435778,0.70299937,0.427642676,0.140438036,-0.107187577,0.940486065,0.166547172,0.314594253,-0.239337601,0.796412546,0,2.093489275,0.994896502,-0.049782351,2.589111005
AMRO,HepA+B,56.73833333,0.529550308,0.726435778,0.70299937,0.427642676,0.140438036,-0.107187577,0.940486065,0.166547172,0.314594253,-0.239337601,0.796412546,0,2.093489275,-0.779783744,-0.312779335,4.055921309
AMRO,HepB (adult),5.413569844,0.529550308,0.726435778,0.70299937,0.427642676,0.140438036,-0.107187577,0.940486065,0.166547172,0.314594253,-0.239337601,0.796412546,0,2.093489275,1.882236624,-0.089782846,1.858416034
AMRO,HepB (ped.),2.831046024,0.529550308,0.726435778,0.70299937,0.427642676,0.140438036,-0.107187577,0.940486065,0.166547172,0.314594253,-0.239337601,0.796412546,0,2.093489275,1.586456584,0.123362856,1.343137879
AMRO,Hib,6.679555022,0.529550308,0.726435778,0.70299937,0.427642676,0.140438036,-0.107187577,0.940486065,0.166547172,0.314594253,-0.239337601,0.796412546,0,2.093489275,0.107556379,-0.186861314,2.038561606
AMRO,IPV,4.032592784,0.529550308,0.726435778,0.70299937,0.427642676,0.140438036,-0.107187577,0.940486065,0.166547172,0.314594253,-0.239337601,0.796412546,0,2.093489275,0.699116461,0.027263241,1.615935315
AMRO,IPV fractional dose,1.326666667,0.529550308,0.726435778,0.70299937,0.427642676,0.140438036,-0.107187577,0.940486065,0.166547172,0.314594253,-0.239337601,0.796412546,0,2.093489275,-0.779783744,-0.306978486,0.844436628
AMRO,JE inactivated,146.25,0.529550308,0.726435778,0.70299937,0.427642676,0.140438036,-0.107187577,0.940486065,0.166547172,0.314594253,-0.239337601,0.796412546,0,2.093489275,-0.779783744,-0.31430689,4.992131823
AMRO,JE inactivated (ped.),,0.529550308,0.726435778,0.70299937,0.427642676,0.140438036,-0.107187577,0.940486065,0.166547172,0.314594253,-0.239337601,0.796412546,0,2.093489275,-0.779783744,-0.314299888,
AMRO,JE live attenuated (ped.),,0.529550308,0.726435778,0.70299937,0.427642676,0.140438036,-0.107187577,0.940486065,0.166547172,0.314594253,-0.239337601,0.796412546,0,2.093489275,-0.779783744,-0.314307146,
AMRO,MMR,4.576739597,0.529550308,0.726435778,0.70299937,0.427642676,0.140438036,-0.107187577,0.940486065,0.166547172,0.314594253,-0.239337601,0.796412546,0,2.093489275,0.699116461,0.489325766,1.718604304
AMRO,MMRV,96.02082129,0.529550308,0.726435778,0.70299937,0.427642676,0.140438036,-0.107187577,0.940486065,0.166547172,0.314594253,-0.239337601,0.796412546,0,2.093489275,-0.188223662,-0.225951095,4.574925608
AMRO,MR,1.750759777,0.529550308,0.726435778,0.70299937,0.427642676,0.140438036,-0.107187577,0.940486065,0.166547172,0.314594253,-0.239337601,0.796412546,0,2.093489275,-0.188223662,-0.050890371,1.011877156
AMRO,MenACYW-135 Ps,,0.529550308,0.726435778,0.70299937,0.427642676,0.140438036,-0.107187577,0.940486065,0.166547172,0.314594253,-0.239337601,0.796412546,0,2.093489275,-0.484003703,-0.314307146,
AMRO,MenACYW-135 conj.,37.21899142,0.529550308,0.726435778,0.70299937,0.427642676,0.140438036,-0.107187577,0.940486065,0.166547172,0.314594253,-0.239337601,0.796412546,0,2.093489275,0.107556379,-0.148031431,3.64333255
AMRO,MenB,105.9863274,0.529550308,0.726435778,0.70299937,0.427642676,0.140438036,-0.107187577,0.940486065,0.166547172,0.314594253,-0.239337601,0.796412546,0,2.093489275,-0.484003703,-0.28207925,4.672701045
AMRO,MenBC,,0.529550308,0.726435778,0.70299937,0.427642676,0.140438036,-0.107187577,0.940486065,0.166547172,0.314594253,-0.239337601,0.796412546,0,2.093489275,-0.484003703,-0.31422398,
AMRO,MenC conj.,29.44261374,0.529550308,0.726435778,0.70299937,0.427642676,0.140438036,-0.107187577,0.940486065,0.166547172,0.314594253,-0.239337601,0.796412546,0,2.093489275,-0.188223662,-0.121271623,3.415843394
AMRO,Mpox,85,0.529550308,0.726435778,0.70299937,0.427642676,0.140438036,-0.107187577,0.940486065,0.166547172,0.314594253,-0.239337601,0.796412546,0,2.093489275,-0.779783744,-0.314204673,4.454347296
AMRO,OCV,7.166671984,0.529550308,0.726435778,0.70299937,0.427642676,0.140438036,-0.107187577,0.940486065,0.166547172,0.314594253,-0.239337601,0.796412546,0,2.093489275,-0.484003703,-0.31412137,2.10006148
AMRO,Other,22.0155,0.529550308,0.726435778,0.70299937,0.427642676,0.140438036,-0.107187577,0.940486065,0.166547172,0.314594253,-0.239337601,0.796412546,0,2.093489275,0.994896502,-0.30743584,3.136167902
AMRO,PCV10,12.48121578,0.529550308,0.726435778,0.70299937,0.427642676,0.140438036,-0.107187577,0.940486065,0.166547172,0.314594253,-0.239337601,0.796412546,0,2.093489275,-0.188223662,-0.148294021,2.601297293
AMRO,PCV13,20.94155987,0.529550308,0.726435778,0.70299937,0.427642676,0.140438036,-0.107187577,0.940486065,0.166547172,0.314594253,-0.239337601,0.796412546,0,2.093489275,0.107556379,0.152634228,3.088382549
AMRO,PCV15,156.075,0.529550308,0.726435778,0.70299937,0.427642676,0.140438036,-0.107187577,0.940486065,0.166547172,0.314594253,-0.239337601,0.796412546,0,2.093489275,-0.779783744,-0.305818318,5.056723398
AMRO,PCV20,125.1933333,0.529550308,0.726435778,0.70299937,0.427642676,0.140438036,-0.107187577,0.940486065,0.166547172,0.314594253,-0.239337601,0.796412546,0,2.093489275,-0.779783744,-0.293938816,4.837815123
AMRO,PCV7,6.256015038,0.529550308,0.726435778,0.70299937,0.427642676,0.140438036,-0.107187577,0.940486065,0.166547172,0.314594253,-0.239337601,0.796412546,0,2.093489275,-0.779783744,-0.311787713,1.981830785
AMRO,PPSV23,14.36252197,0.529550308,0.726435778,0.70299937,0.427642676,0.140438036,-0.107187577,0.940486065,0.166547172,0.314594253,-0.239337601,0.796412546,0,2.093489275,-0.188223662,-0.25662337,2.731930905
AMRO,RSV,159.3958333,0.529550308,0.726435778,0.70299937,0.427642676,0.140438036,-0.107187577,0.940486065,0.166547172,0.314594253,-0.239337601,0.796412546,0,2.093489275,-0.484003703,-0.313256156,5.077644718
AMRO,RV1,11.78391944,0.529550308,0.726435778,0.70299937,0.427642676,0.140438036,-0.107187577,0.940486065,0.166547172,0.314594253,-0.239337601,0.796412546,0,2.093489275,-0.188223662,-0.18884538,2.548188088
AMRO,RV5,66.09428571,0.529550308,0.726435778,0.70299937,0.427642676,0.140438036,-0.107187577,0.940486065,0.166547172,0.314594253,-0.239337601,0.796412546,0,2.093489275,-0.779783744,-0.27507163,4.20609888
AMRO,Rabies,10.61099626,0.529550308,0.726435778,0.70299937,0.427642676,0.140438036,-0.107187577,0.940486065,0.166547172,0.314594253,-0.239337601,0.796412546,0,2.093489275,1.290676543,-0.253937225,2.451952603
AMRO,Rota,22.74841294,0.529550308,0.726435778,0.70299937,0.427642676,0.140438036,-0.107187577,0.940486065,0.166547172,0.314594253,-0.239337601,0.796412546,0,2.093489275,-0.188223662,-0.060317025,3.167515705
AMRO,Shingles,122.77587,0.529550308,0.726435778,0.70299937,0.427642676,0.140438036,-0.107187577,0.940486065,0.166547172,0.314594253,-0.239337601,0.796412546,0,2.093489275,-0.484003703,-0.311964459,4.81847243
AMRO,TBE (adult),81,0.529550308,0.726435778,0.70299937,0.427642676,0.140438036,-0.107187577,0.940486065,0.166547172,0.314594253,-0.239337601,0.796412546,0,2.093489275,-0.779783744,-0.314307137,4.406719247
AMRO,TCV,5,0.529550308,0.726435778,0.70299937,0.427642676,0.140438036,-0.107187577,0.940486065,0.166547172,0.314594253,-0.239337601,0.796412546,0,2.093489275,-0.779783744,-0.314298809,1.791759469
AMRO,Td,2.911843964,0.529550308,0.726435778,0.70299937,0.427642676,0.140438036,-0.107187577,0.940486065,0.166547172,0.314594253,-0.239337601,0.796412546,0,2.093489275,2.473796706,0.370859062,1.364008865
AMRO,Td-IPV,0.16,0.529550308,0.726435778,0.70299937,0.427642676,0.140438036,-0.107187577,0.940486065,0.166547172,0.314594253,-0.239337601,0.796412546,0,2.093489275,-0.484003703,-0.314298422,0.148420005
AMRO,TdaP,11.2768106,0.529550308,0.726435778,0.70299937,0.427642676,0.140438036,-0.107187577,0.940486065,0.166547172,0.314594253,-0.239337601,0.796412546,0,2.093489275,-0.484003703,-0.30575268,2.507712166
AMRO,Tdap,21.63643754,0.529550308,0.726435778,0.70299937,0.427642676,0.140438036,-0.107187577,0.940486065,0.166547172,0.314594253,-0.239337601,0.796412546,0,2.093489275,-0.188223662,-0.152248639,3.119560888
AMRO,Tdap-IPV,,0.529550308,0.726435778,0.70299937,0.427642676,0.140438036,-0.107187577,0.940486065,0.166547172,0.314594253,-0.239337601,0.796412546,0,2.093489275,-0.188223662,-0.312976978,
AMRO,Typhoid Ps,10.22966942,0.529550308,0.726435778,0.70299937,0.427642676,0.140438036,-0.107187577,0.940486065,0.166547172,0.314594253,-0.239337601,0.796412546,0,2.093489275,-0.779783744,-0.314261981,2.418559331
AMRO,Varicella,22.24525339,0.529550308,0.726435778,0.70299937,0.427642676,0.140438036,-0.107187577,0.940486065,0.166547172,0.314594253,-0.239337601,0.796412546,0,2.093489275,0.699116461,-0.054142226,3.146100956
AMRO,YF,2.967988611,0.529550308,0.726435778,0.70299937,0.427642676,0.140438036,-0.107187577,0.940486065,0.166547172,0.314594253,-0.239337601,0.796412546,0,2.093489275,0.994896502,0.418790488,1.378259319
AMRO,bOPV,0.194076916,0.529550308,0.726435778,0.70299937,0.427642676,0.140438036,-0.107187577,0.940486065,0.166547172,0.314594253,-0.239337601,0.796412546,0,2.093489275,1.586456584,0.617695832,0.177373432
AMRO,influenza adjuvant vaccine,3.751523504,0.529550308,0.726435778,0.70299937,0.427642676,0.140438036,-0.107187577,0.940486065,0.166547172,0.314594253,-0.239337601,0.796412546,0,2.093489275,-0.484003703,-0.303787799,1.558465304
AMRO,influenza high dose vaccine,,0.529550308,0.726435778,0.70299937,0.427642676,0.140438036,-0.107187577,0.940486065,0.166547172,0.314594253,-0.239337601,0.796412546,0,2.093489275,-0.779783744,-0.313124224,
AMRO,influenza inactivated vaccine,4.19114075,0.529550308,0.726435778,0.70299937,0.427642676,0.140438036,-0.107187577,0.940486065,0.166547172,0.314594253,-0.239337601,0.796412546,0,2.093489275,1.290676543,0.939625525,1.646953471
AMRO,influenza quadrivalent inactivated vaccine,10.18052558,0.529550308,0.726435778,0.70299937,0.427642676,0.140438036,-0.107187577,0.940486065,0.166547172,0.314594253,-0.239337601,0.796412546,0,2.093489275,0.699116461,0.177821309,2.414173477
AMRO,influenza quadrivalent live attenuated vaccine,18.52142857,0.529550308,0.726435778,0.70299937,0.427642676,0.140438036,-0.107187577,0.940486065,0.166547172,0.314594253,-0.239337601,0.796412546,0,2.093489275,-0.779783744,-0.29648983,2.971512763
AMRO,influenza trivalent inactivated vaccine,2.917901992,0.529550308,0.726435778,0.70299937,0.427642676,0.140438036,-0.107187577,0.940486065,0.166547172,0.314594253,-0.239337601,0.796412546,0,2.093489275,2.769576747,0.700744231,1.365556304
AMRO,mOPV2,2.11,0.529550308,0.726435778,0.70299937,0.427642676,0.140438036,-0.107187577,0.940486065,0.166547172,0.314594253,-0.239337601,0.796412546,0,2.093489275,-0.484003703,-0.313658448,1.134622726
AMRO,sIPV,1.291666667,0.529550308,0.726435778,0.70299937,0.427642676,0.140438036,-0.107187577,0.940486065,0.166547172,0.314594253,-0.239337601,0.796412546,0,2.093489275,-0.779783744,-0.289940152,0.829279355
EMRO,BCG,0.505287462,-0.667975215,-0.614241793,-0.655750391,-0.727125528,-0.983790593,-0.656212842,-0.95728354,1.286900748,2.044599425,-0.726135054,-1.167213189,0,-0.598785597,1.290676543,0.683138249,0.408983885
EMRO,COVID-19,8.762063492,-0.667975215,-0.614241793,-0.655750391,-0.727125528,-0.983790593,-0.656212842,-0.95728354,1.286900748,2.044599425,-0.726135054,-1.167213189,0,-0.598785597,3.361136829,2.407720783,2.278503801
EMRO,DT,0.960232423,-0.667975215,-0.614241793,-0.655750391,-0.727125528,-0.983790593,-0.656212842,-0.95728354,1.286900748,2.044599425,-0.726135054,-1.167213189,0,-0.598785597,1.882236624,-0.26823632,0.673063049
EMRO,DTaP,7.579896944,-0.667975215,-0.614241793,-0.655750391,-0.727125528,-0.983790593,-0.656212842,-0.95728354,1.286900748,2.044599425,-0.726135054,-1.167213189,0,-0.598785597,-0.188223662,-0.307305876,2.149421902
EMRO,DTaP-HepB-Hib-IPV,22.4922587,-0.667975215,-0.614241793,-0.655750391,-0.727125528,-0.983790593,-0.656212842,-0.95728354,1.286900748,2.044599425,-0.726135054,-1.167213189,0,-0.598785597,-0.484003703,-0.187098669,3.15667095
EMRO,DTaP-HepB-IPV,6.467345414,-0.667975215,-0.614241793,-0.655750391,-0.727125528,-0.983790593,-0.656212842,-0.95728354,1.286900748,2.044599425,-0.726135054,-1.167213189,0,-0.598785597,-0.779783744,-0.314227139,2.01053957
EMRO,DTaP-Hib,14.10498489,-0.667975215,-0.614241793,-0.655750391,-0.727125528,-0.983790593,-0.656212842,-0.95728354,1.286900748,2.044599425,-0.726135054,-1.167213189,0,-0.598785597,-0.779783744,-0.314307146,2.715024815
EMRO,DTaP-Hib-IPV,17.06603977,-0.667975215,-0.614241793,-0.655750391,-0.727125528,-0.983790593,-0.656212842,-0.95728354,1.286900748,2.044599425,-0.726135054,-1.167213189,0,-0.598785597,-0.779783744,-0.292404918,2.89403392
EMRO,DTaP-IPV,13.82078796,-0.667975215,-0.614241793,-0.655750391,-0.727125528,-0.983790593,-0.656212842,-0.95728354,1.286900748,2.044599425,-0.726135054,-1.167213189,0,-0.598785597,-0.779783744,-0.308140021,2.696030787
EMRO,DTwP,0.852627895,-0.667975215,-0.614241793,-0.655750391,-0.727125528,-0.983790593,-0.656212842,-0.95728354,1.286900748,2.044599425,-0.726135054,-1.167213189,0,-0.598785597,0.994896502,-0.156433457,0.616605115
EMRO,DTwP-HepB,1.494719502,-0.667975215,-0.614241793,-0.655750391,-0.727125528,-0.983790593,-0.656212842,-0.95728354,1.286900748,2.044599425,-0.726135054,-1.167213189,0,-0.598785597,-0.484003703,-0.194613285,0.914176299
EMRO,DTwP-HepB-Hib,1.943891373,-0.667975215,-0.614241793,-0.655750391,-0.727125528,-0.983790593,-0.656212842,-0.95728354,1.286900748,2.044599425,-0.726135054,-1.167213189,0,-0.598785597,1.882236624,0.831900033,1.079732302
EMRO,HPV4,45,-0.667975215,-0.614241793,-0.655750391,-0.727125528,-0.983790593,-0.656212842,-0.95728354,1.286900748,2.044599425,-0.726135054,-1.167213189,0,-0.598785597,-0.779783744,-0.304258242,3.828641396
EMRO,HPV9,85.91101668,-0.667975215,-0.614241793,-0.655750391,-0.727125528,-0.983790593,-0.656212842,-0.95728354,1.286900748,2.044599425,-0.726135054,-1.167213189,0,-0.598785597,-0.779783744,-0.313991054,4.464884798
EMRO,HepA (adult),20.39826403,-0.667975215,-0.614241793,-0.655750391,-0.727125528,-0.983790593,-0.656212842,-0.95728354,1.286900748,2.044599425,-0.726135054,-1.167213189,0,-0.598785597,-0.188223662,-0.312608302,3.063309799
EMRO,HepA (ped.),11.95907662,-0.667975215,-0.614241793,-0.655750391,-0.727125528,-0.983790593,-0.656212842,-0.95728354,1.286900748,2.044599425,-0.726135054,-1.167213189,0,-0.598785597,0.107556379,-0.229484242,2.56179644
EMRO,HepB (adult),3.177060185,-0.667975215,-0.614241793,-0.655750391,-0.727125528,-0.983790593,-0.656212842,-0.95728354,1.286900748,2.044599425,-0.726135054,-1.167213189,0,-0.598785597,0.40333642,-0.227915954,1.429607694
EMRO,HepB (ped.),1.552425465,-0.667975215,-0.614241793,-0.655750391,-0.727125528,-0.983790593,-0.656212842,-0.95728354,1.286900748,2.044599425,-0.726135054,-1.167213189,0,-0.598785597,0.40333642,-0.08308165,0.93704407
EMRO,Hib,9.565099282,-0.667975215,-0.614241793,-0.655750391,-0.727125528,-0.983790593,-0.656212842,-0.95728354,1.286900748,2.044599425,-0.726135054,-1.167213189,0,-0.598785597,-0.188223662,-0.313724243,2.357556048
EMRO,IPV,3.841654869,-0.667975215,-0.614241793,-0.655750391,-0.727125528,-0.983790593,-0.656212842,-0.95728354,1.286900748,2.044599425,-0.726135054,-1.167213189,0,-0.598785597,1.290676543,0.468387091,1.577256577
EMRO,IPV fractional dose,5.284682773,-0.667975215,-0.614241793,-0.655750391,-0.727125528,-0.983790593,-0.656212842,-0.95728354,1.286900748,2.044599425,-0.726135054,-1.167213189,0,-0.598785597,-0.779783744,-0.314300746,1.838115367
EMRO,MMR,4.382868695,-0.667975215,-0.614241793,-0.655750391,-0.727125528,-0.983790593,-0.656212842,-0.95728354,1.286900748,2.044599425,-0.726135054,-1.167213189,0,-0.598785597,0.40333642,0.172398167,1.683221447
EMRO,MR,1.411995718,-0.667975215,-0.614241793,-0.655750391,-0.727125528,-0.983790593,-0.656212842,-0.95728354,1.286900748,2.044599425,-0.726135054,-1.167213189,0,-0.598785597,-0.188223662,0.036020282,0.880454503
EMRO,Measles,1.465745192,-0.667975215,-0.614241793,-0.655750391,-0.727125528,-0.983790593,-0.656212842,-0.95728354,1.286900748,2.044599425,-0.726135054,-1.167213189,0,-0.598785597,0.107556379,0.44923824,0.902494071
EMRO,MenA Conj.,0.701,-0.667975215,-0.614241793,-0.655750391,-0.727125528,-0.983790593,-0.656212842,-0.95728354,1.286900748,2.044599425,-0.726135054,-1.167213189,0,-0.598785597,-0.779783744,-0.301714012,0.531216313
EMRO,MenA conj.,0.5806,-0.667975215,-0.614241793,-0.655750391,-0.727125528,-0.983790593,-0.656212842,-0.95728354,1.286900748,2.044599425,-0.726135054,-1.167213189,0,-0.598785597,-0.779783744,-0.089328491,0.457804522
EMRO,MenAC Ps,1.055894333,-0.667975215,-0.614241793,-0.655750391,-0.727125528,-0.983790593,-0.656212842,-0.95728354,1.286900748,2.044599425,-0.726135054,-1.167213189,0,-0.598785597,-0.484003703,-0.197736651,0.720710952
EMRO,MenAC conj.,1.555521827,-0.667975215,-0.614241793,-0.655750391,-0.727125528,-0.983790593,-0.656212842,-0.95728354,1.286900748,2.044599425,-0.726135054,-1.167213189,0,-0.598785597,-0.779783744,-0.266302824,0.93825644
EMRO,MenACW-135 Ps,4.23,-0.667975215,-0.614241793,-0.655750391,-0.727125528,-0.983790593,-0.656212842,-0.95728354,1.286900748,2.044599425,-0.726135054,-1.167213189,0,-0.598785597,-0.779783744,-0.309506138,1.654411278
EMRO,MenACYW-135 Ps,8.731720044,-0.667975215,-0.614241793,-0.655750391,-0.727125528,-0.983790593,-0.656212842,-0.95728354,1.286900748,2.044599425,-0.726135054,-1.167213189,0,-0.598785597,-0.188223662,-0.302427533,2.275390658
EMRO,MenACYW-135 conj.,18.40617054,-0.667975215,-0.614241793,-0.655750391,-0.727125528,-0.983790593,-0.656212842,-0.95728354,1.286900748,2.044599425,-0.726135054,-1.167213189,0,-0.598785597,0.107556379,-0.197951407,2.965591085
EMRO,OCV,14.13995079,-0.667975215,-0.614241793,-0.655750391,-0.727125528,-0.983790593,-0.656212842,-0.95728354,1.286900748,2.044599425,-0.726135054,-1.167213189,0,-0.598785597,0.107556379,-0.259590098,2.717336997
EMRO,PCV10,8.357444315,-0.667975215,-0.614241793,-0.655750391,-0.727125528,-0.983790593,-0.656212842,-0.95728354,1.286900748,2.044599425,-0.726135054,-1.167213189,0,-0.598785597,-0.188223662,0.018099357,2.23617221
EMRO,PCV13,13.37821618,-0.667975215,-0.614241793,-0.655750391,-0.727125528,-0.983790593,-0.656212842,-0.95728354,1.286900748,2.044599425,-0.726135054,-1.167213189,0,-0.598785597,-0.779783744,0.430253353,2.665714296
EMRO,PCV20,26.21697874,-0.667975215,-0.614241793,-0.655750391,-0.727125528,-0.983790593,-0.656212842,-0.95728354,1.286900748,2.044599425,-0.726135054,-1.167213189,0,-0.598785597,-0.779783744,-0.313875107,3.303840997
EMRO,PPSV23,15.78738474,-0.667975215,-0.614241793,-0.655750391,-0.727125528,-0.983790593,-0.656212842,-0.95728354,1.286900748,2.044599425,-0.726135054,-1.167213189,0,-0.598785597,-0.188223662,-0.313869136,2.820627696
EMRO,RSV,134.2894737,-0.667975215,-0.614241793,-0.655750391,-0.727125528,-0.983790593,-0.656212842,-0.95728354,1.286900748,2.044599425,-0.726135054,-1.167213189,0,-0.598785597,-0.779783744,-0.314306225,4.907416732
EMRO,RV1,5.388778409,-0.667975215,-0.614241793,-0.655750391,-0.727125528,-0.983790593,-0.656212842,-0.95728354,1.286900748,2.044599425,-0.726135054,-1.167213189,0,-0.598785597,-0.188223662,0.091488079,1.854543078
EMRO,RV5,3.425821596,-0.667975215,-0.614241793,-0.655750391,-0.727125528,-0.983790593,-0.656212842,-0.95728354,1.286900748,2.044599425,-0.726135054,-1.167213189,0,-0.598785597,-0.484003703,-0.2869175,1.487455933
EMRO,Rabies,13.63513844,-0.667975215,-0.614241793,-0.655750391,-0.727125528,-0.983790593,-0.656212842,-0.95728354,1.286900748,2.044599425,-0.726135054,-1.167213189,0,-0.598785597,0.994896502,-0.246590541,2.683425379
EMRO,Rota,5.468383287,-0.667975215,-0.614241793,-0.655750391,-0.727125528,-0.983790593,-0.656212842,-0.95728354,1.286900748,2.044599425,-0.726135054,-1.167213189,0,-0.598785597,-0.484003703,-0.093862522,1.866926199
EMRO,Rubella,0.31,-0.667975215,-0.614241793,-0.655750391,-0.727125528,-0.983790593,-0.656212842,-0.95728354,1.286900748,2.044599425,-0.726135054,-1.167213189,0,-0.598785597,-0.779783744,-0.314275143,0.270027137
EMRO,Shingles,225.9021761,-0.667975215,-0.614241793,-0.655750391,-0.727125528,-0.983790593,-0.656212842,-0.95728354,1.286900748,2.044599425,-0.726135054,-1.167213189,0,-0.598785597,-0.779783744,-0.311524803,5.424518982
EMRO,TBE (adult),76,-0.667975215,-0.614241793,-0.655750391,-0.727125528,-0.983790593,-0.656212842,-0.95728354,1.286900748,2.044599425,-0.726135054,-1.167213189,0,-0.598785597,-1.075563785,-0.314291145,4.343805422
EMRO,TCV,1.540807804,-0.667975215,-0.614241793,-0.655750391,-0.727125528,-0.983790593,-0.656212842,-0.95728354,1.286900748,2.044599425,-0.726135054,-1.167213189,0,-0.598785597,-0.779783744,-0.262343588,0.932482064
EMRO,TT,0.568823555,-0.667975215,-0.614241793,-0.655750391,-0.727125528,-0.983790593,-0.656212842,-0.95728354,1.286900748,2.044599425,-0.726135054,-1.167213189,0,-0.598785597,1.882236624,0.016299707,0.450326011
EMRO,Td,0.837769091,-0.667975215,-0.614241793,-0.655750391,-0.727125528,-0.983790593,-0.656212842,-0.95728354,1.286900748,2.044599425,-0.726135054,-1.167213189,0,-0.598785597,1.586456584,0.329020953,0.608552385
EMRO,Td-IPV,12.12,-0.667975215,-0.614241793,-0.655750391,-0.727125528,-0.983790593,-0.656212842,-0.95728354,1.286900748,2.044599425,-0.726135054,-1.167213189,0,-0.598785597,-0.779783744,-0.314211138,2.574137784
EMRO,TdaP,12.00993064,-0.667975215,-0.614241793,-0.655750391,-0.727125528,-0.983790593,-0.656212842,-0.95728354,1.286900748,2.044599425,-0.726135054,-1.167213189,0,-0.598785597,-0.484003703,-0.311747665,2.565712962
EMRO,Tdap,15.58268756,-0.667975215,-0.614241793,-0.655750391,-0.727125528,-0.983790593,-0.656212842,-0.95728354,1.286900748,2.044599425,-0.726135054,-1.167213189,0,-0.598785597,-0.484003703,-0.2982219,2.808359233
EMRO,Typhoid Ps,15.425693,-0.667975215,-0.614241793,-0.655750391,-0.727125528,-0.983790593,-0.656212842,-0.95728354,1.286900748,2.044599425,-0.726135054,-1.167213189,0,-0.598785597,-0.779783744,-0.309049851,2.798846755
EMRO,Varicella,22.10924785,-0.667975215,-0.614241793,-0.655750391,-0.727125528,-0.983790593,-0.656212842,-0.95728354,1.286900748,2.044599425,-0.726135054,-1.167213189,0,-0.598785597,-0.484003703,-0.234741855,3.140232877
EMRO,YF,19.14006649,-0.667975215,-0.614241793,-0.655750391,-0.727125528,-0.983790593,-0.656212842,-0.95728354,1.286900748,2.044599425,-0.726135054,-1.167213189,0,-0.598785597,0.107556379,-0.242234785,3.002711189
EMRO,bOPV,0.296093082,-0.667975215,-0.614241793,-0.655750391,-0.727125528,-0.983790593,-0.656212842,-0.95728354,1.286900748,2.044599425,-0.726135054,-1.167213189,0,-0.598785597,1.586456584,3.574834529,0.259354418
EMRO,influenza adjuvant vaccine,,-0.667975215,-0.614241793,-0.655750391,-0.727125528,-0.983790593,-0.656212842,-0.95728354,1.286900748,2.044599425,-0.726135054,-1.167213189,0,-0.598785597,-0.779783744,-0.314173854,
EMRO,influenza high dose vaccine,36,-0.667975215,-0.614241793,-0.655750391,-0.727125528,-0.983790593,-0.656212842,-0.95728354,1.286900748,2.044599425,-0.726135054,-1.167213189,0,-0.598785597,-0.779783744,-0.313987117,3.610917913
EMRO,influenza inactivated vaccine,3.615376188,-0.667975215,-0.614241793,-0.655750391,-0.727125528,-0.983790593,-0.656212842,-0.95728354,1.286900748,2.044599425,-0.726135054,-1.167213189,0,-0.598785597,-0.188223662,-0.255884174,1.529393379
EMRO,influenza quadrivalent inactivated vaccine,6.483583622,-0.667975215,-0.614241793,-0.655750391,-0.727125528,-0.983790593,-0.656212842,-0.95728354,1.286900748,2.044599425,-0.726135054,-1.167213189,0,-0.598785597,0.107556379,-0.132244944,2.012711771
EMRO,influenza trivalent inactivated vaccine,3.704658161,-0.667975215,-0.614241793,-0.655750391,-0.727125528,-0.983790593,-0.656212842,-0.95728354,1.286900748,2.044599425,-0.726135054,-1.167213189,0,-0.598785597,-0.484003703,-0.260564708,1.548553116
EMRO,mOPV1,0.145,-0.667975215,-0.614241793,-0.655750391,-0.727125528,-0.983790593,-0.656212842,-0.95728354,1.286900748,2.044599425,-0.726135054,-1.167213189,0,-0.598785597,-0.779783744,-0.31057241,0.135404637
EMRO,mOPV2,0.1222,-0.667975215,-0.614241793,-0.655750391,-0.727125528,-0.983790593,-0.656212842,-0.95728354,1.286900748,2.044599425,-0.726135054,-1.167213189,0,-0.598785597,-0.484003703,-0.228554786,0.115291044
EMRO,nOPV2,0.155,-0.667975215,-0.614241793,-0.655750391,-0.727125528,-0.983790593,-0.656212842,-0.95728354,1.286900748,2.044599425,-0.726135054,-1.167213189,0,-0.598785597,-0.779783744,-0.231917329,0.144100344
EMRO,sIPV,1.3125,-0.667975215,-0.614241793,-0.655750391,-0.727125528,-0.983790593,-0.656212842,-0.95728354,1.286900748,2.044599425,-0.726135054,-1.167213189,0,-0.598785597,-0.779783744,-0.296285364,0.83832919
EMRO,tOPV,0.18,-0.667975215,-0.614241793,-0.655750391,-0.727125528,-0.983790593,-0.656212842,-0.95728354,1.286900748,2.044599425,-0.726135054,-1.167213189,0,-0.598785597,-0.779783744,-0.29990585,0.165514438
EURO,Anthrax,4.461441089,-0.646481505,-0.826736126,-0.894954935,-0.49011653,1.744766505,1.872694614,-0.95728354,-1.604805153,-1.079665335,-0.726135054,-0.537916668,0,-0.169880663,0.107556379,-0.312931342,1.697712691
EURO,BCG,1.497875218,-0.646481505,-0.826736126,-0.894954935,-0.49011653,1.744766505,1.872694614,-0.95728354,-1.604805153,-1.079665335,-0.726135054,-0.537916668,0,-0.169880663,2.473796706,0.340368112,0.915440458
EURO,CCHF,10.696833,-0.646481505,-0.826736126,-0.894954935,-0.49011653,1.744766505,1.872694614,-0.95728354,-1.604805153,-1.079665335,-0.726135054,-0.537916668,0,-0.169880663,-0.779783744,-0.314303946,2.459318121
EURO,COVID-19,13.16316461,-0.646481505,-0.826736126,-0.894954935,-0.49011653,1.744766505,1.872694614,-0.95728354,-1.604805153,-1.079665335,-0.726135054,-0.537916668,0,-0.169880663,4.248476952,2.445278933,2.650644553
EURO,DT,1.432501353,-0.646481505,-0.826736126,-0.894954935,-0.49011653,1.744766505,1.872694614,-0.95728354,-1.604805153,-1.079665335,-0.726135054,-0.537916668,0,-0.169880663,1.290676543,-0.261815086,0.888920091
EURO,DT-IPV,,-0.646481505,-0.826736126,-0.894954935,-0.49011653,1.744766505,1.872694614,-0.95728354,-1.604805153,-1.079665335,-0.726135054,-0.537916668,0,-0.169880663,-0.779783744,-0.313987117,
EURO,DTaP,15.64848272,-0.646481505,-0.826736126,-0.894954935,-0.49011653,1.744766505,1.872694614,-0.95728354,-1.604805153,-1.079665335,-0.726135054,-0.537916668,0,-0.169880663,-0.188223662,-0.298955108,2.812319084
EURO,DTaP-HepB-Hib-IPV,35.75578749,-0.646481505,-0.826736126,-0.894954935,-0.49011653,1.744766505,1.872694614,-0.95728354,-1.604805153,-1.079665335,-0.726135054,-0.537916668,0,-0.169880663,0.107556379,-0.17928186,3.604295696
EURO,DTaP-HepB-IPV,27.04649724,-0.646481505,-0.826736126,-0.894954935,-0.49011653,1.744766505,1.872694614,-0.95728354,-1.604805153,-1.079665335,-0.726135054,-0.537916668,0,-0.169880663,-0.188223662,-0.314307146,3.333863749
EURO,"DTaP-HepB-_x000D_
IPV",,-0.646481505,-0.826736126,-0.894954935,-0.49011653,1.744766505,1.872694614,-0.95728354,-1.604805153,-1.079665335,-0.726135054,-0.537916668,0,-0.169880663,-0.779783744,-0.314307146,
EURO,DTaP-Hib,23.19624087,-0.646481505,-0.826736126,-0.894954935,-0.49011653,1.744766505,1.872694614,-0.95728354,-1.604805153,-1.079665335,-0.726135054,-0.537916668,0,-0.169880663,-0.188223662,-0.311767823,3.186197285
EURO,DTaP-Hib-IPV,22.85239281,-0.646481505,-0.826736126,-0.894954935,-0.49011653,1.744766505,1.872694614,-0.95728354,-1.604805153,-1.079665335,-0.726135054,-0.537916668,0,-0.169880663,0.40333642,-0.027444558,3.17188454
EURO,DTaP-IPV,18.68038007,-0.646481505,-0.826736126,-0.894954935,-0.49011653,1.744766505,1.872694614,-0.95728354,-1.604805153,-1.079665335,-0.726135054,-0.537916668,0,-0.169880663,-0.188223662,-0.240232596,2.979622204
EURO,DTwP,0.438607088,-0.646481505,-0.826736126,-0.894954935,-0.49011653,1.744766505,1.872694614,-0.95728354,-1.604805153,-1.079665335,-0.726135054,-0.537916668,0,-0.169880663,1.290676543,-0.054329471,0.363675346
EURO,DTwP-HepB,1.684810266,-0.646481505,-0.826736126,-0.894954935,-0.49011653,1.744766505,1.872694614,-0.95728354,-1.604805153,-1.079665335,-0.726135054,-0.537916668,0,-0.169880663,-0.779783744,-0.288839925,0.987610061
EURO,DTwP-HepB-Hib,1.742189003,-0.646481505,-0.826736126,-0.894954935,-0.49011653,1.744766505,1.872694614,-0.95728354,-1.604805153,-1.079665335,-0.726135054,-0.537916668,0,-0.169880663,0.994896502,-0.131899005,1.008756508
EURO,Diphtheria,0.315860626,-0.646481505,-0.826736126,-0.894954935,-0.49011653,1.744766505,1.872694614,-0.95728354,-1.604805153,-1.079665335,-0.726135054,-0.537916668,0,-0.169880663,-0.484003703,-0.310113607,0.27449092
EURO,HPV2,40.93073119,-0.646481505,-0.826736126,-0.894954935,-0.49011653,1.744766505,1.872694614,-0.95728354,-1.604805153,-1.079665335,-0.726135054,-0.537916668,0,-0.169880663,-0.484003703,-0.27955236,3.736018999
EURO,HPV4,39.91153861,-0.646481505,-0.826736126,-0.894954935,-0.49011653,1.744766505,1.872694614,-0.95728354,-1.604805153,-1.079665335,-0.726135054,-0.537916668,0,-0.169880663,-0.484003703,-0.2795404,3.711412141
EURO,HPV9,76.71828575,-0.646481505,-0.826736126,-0.894954935,-0.49011653,1.744766505,1.872694614,-0.95728354,-1.604805153,-1.079665335,-0.726135054,-0.537916668,0,-0.169880663,-0.484003703,-0.293378993,4.353090568
EURO,HepA (adult),23.13340203,-0.646481505,-0.826736126,-0.894954935,-0.49011653,1.744766505,1.872694614,-0.95728354,-1.604805153,-1.079665335,-0.726135054,-0.537916668,0,-0.169880663,0.994896502,-0.312238259,3.183596857
EURO,HepA (ped.),14.51467064,-0.646481505,-0.826736126,-0.894954935,-0.49011653,1.744766505,1.872694614,-0.95728354,-1.604805153,-1.079665335,-0.726135054,-0.537916668,0,-0.169880663,0.699116461,-0.264310837,2.741786069
EURO,HepA+B,43.73708269,-0.646481505,-0.826736126,-0.894954935,-0.49011653,1.744766505,1.872694614,-0.95728354,-1.604805153,-1.079665335,-0.726135054,-0.537916668,0,-0.169880663,-0.779783744,-0.314162759,3.800802748
EURO,HepA-Typhoid,,-0.646481505,-0.826736126,-0.894954935,-0.49011653,1.744766505,1.872694614,-0.95728354,-1.604805153,-1.079665335,-0.726135054,-0.537916668,0,-0.169880663,-0.779783744,-0.314307146,
EURO,HepB (adult),14.57658049,-0.646481505,-0.826736126,-0.894954935,-0.49011653,1.744766505,1.872694614,-0.95728354,-1.604805153,-1.079665335,-0.726135054,-0.537916668,0,-0.169880663,1.586456584,-0.198925286,2.745768536
EURO,HepB (ped.),3.751970217,-0.646481505,-0.826736126,-0.894954935,-0.49011653,1.744766505,1.872694614,-0.95728354,-1.604805153,-1.079665335,-0.726135054,-0.537916668,0,-0.169880663,1.882236624,0.045051646,1.558559315
EURO,Hib,10.13693901,-0.646481505,-0.826736126,-0.894954935,-0.49011653,1.744766505,1.872694614,-0.95728354,-1.604805153,-1.079665335,-0.726135054,-0.537916668,0,-0.169880663,0.40333642,-0.28976991,2.410267422
EURO,Hib-MenC conj.,,-0.646481505,-0.826736126,-0.894954935,-0.49011653,1.744766505,1.872694614,-0.95728354,-1.604805153,-1.079665335,-0.726135054,-0.537916668,0,-0.169880663,-0.484003703,-0.313179032,
EURO,IPV,6.353732699,-0.646481505,-0.826736126,-0.894954935,-0.49011653,1.744766505,1.872694614,-0.95728354,-1.604805153,-1.079665335,-0.726135054,-0.537916668,0,-0.169880663,0.994896502,-0.172034212,1.995208034
EURO,JE inactivated,73.90565163,-0.646481505,-0.826736126,-0.894954935,-0.49011653,1.744766505,1.872694614,-0.95728354,-1.604805153,-1.079665335,-0.726135054,-0.537916668,0,-0.169880663,-0.188223662,-0.31424917,4.316229343
EURO,JE inactivated (ped.),4.9,-0.646481505,-0.826736126,-0.894954935,-0.49011653,1.744766505,1.872694614,-0.95728354,-1.604805153,-1.079665335,-0.726135054,-0.537916668,0,-0.169880663,-0.779783744,-0.31350925,1.774952351
EURO,MM,1.403515405,-0.646481505,-0.826736126,-0.894954935,-0.49011653,1.744766505,1.872694614,-0.95728354,-1.604805153,-1.079665335,-0.726135054,-0.537916668,0,-0.169880663,-0.779783744,-0.248710639,0.876932418
EURO,MMR,6.585215695,-0.646481505,-0.826736126,-0.894954935,-0.49011653,1.744766505,1.872694614,-0.95728354,-1.604805153,-1.079665335,-0.726135054,-0.537916668,0,-0.169880663,0.699116461,0.093861016,2.026201049
EURO,MMRV,46.73017901,-0.646481505,-0.826736126,-0.894954935,-0.49011653,1.744766505,1.872694614,-0.95728354,-1.604805153,-1.079665335,-0.726135054,-0.537916668,0,-0.169880663,-0.188223662,-0.312491946,3.865563881
EURO,MR,0.767162908,-0.646481505,-0.826736126,-0.894954935,-0.49011653,1.744766505,1.872694614,-0.95728354,-1.604805153,-1.079665335,-0.726135054,-0.537916668,0,-0.169880663,-0.484003703,-0.219358063,0.569375384
EURO,Measles,1.665681362,-0.646481505,-0.826736126,-0.894954935,-0.49011653,1.744766505,1.872694614,-0.95728354,-1.604805153,-1.079665335,-0.726135054,-0.537916668,0,-0.169880663,1.290676543,-0.257582343,0.980459695
EURO,MenA Ps,,-0.646481505,-0.826736126,-0.894954935,-0.49011653,1.744766505,1.872694614,-0.95728354,-1.604805153,-1.079665335,-0.726135054,-0.537916668,0,-0.169880663,-0.779783744,-0.314307146,
EURO,MenAC Ps,9.600378018,-0.646481505,-0.826736126,-0.894954935,-0.49011653,1.744766505,1.872694614,-0.95728354,-1.604805153,-1.079665335,-0.726135054,-0.537916668,0,-0.169880663,-0.484003703,-0.314268016,2.360889663
EURO,MenACYW-135 Conj.,38.43774891,-0.646481505,-0.826736126,-0.894954935,-0.49011653,1.744766505,1.872694614,-0.95728354,-1.604805153,-1.079665335,-0.726135054,-0.537916668,0,-0.169880663,-0.779783744,-0.314230339,3.674723452
EURO,MenACYW-135 Ps,31.73796827,-0.646481505,-0.826736126,-0.894954935,-0.49011653,1.744766505,1.872694614,-0.95728354,-1.604805153,-1.079665335,-0.726135054,-0.537916668,0,-0.169880663,-0.188223662,-0.313109432,3.488535514
EURO,MenACYW-135 conj.,42.04705753,-0.646481505,-0.826736126,-0.894954935,-0.49011653,1.744766505,1.872694614,-0.95728354,-1.604805153,-1.079665335,-0.726135054,-0.537916668,0,-0.169880663,0.107556379,-0.302557416,3.762293879
EURO,MenB,79.42962836,-0.646481505,-0.826736126,-0.894954935,-0.49011653,1.744766505,1.872694614,-0.95728354,-1.604805153,-1.079665335,-0.726135054,-0.537916668,0,-0.169880663,-0.188223662,-0.291928197,4.38738262
EURO,MenC conj.,19.16470047,-0.646481505,-0.826736126,-0.894954935,-0.49011653,1.744766505,1.872694614,-0.95728354,-1.604805153,-1.079665335,-0.726135054,-0.537916668,0,-0.169880663,0.40333642,-0.240280744,3.003933574
EURO,Mpox,123.6132692,-0.646481505,-0.826736126,-0.894954935,-0.49011653,1.744766505,1.872694614,-0.95728354,-1.604805153,-1.079665335,-0.726135054,-0.537916668,0,-0.169880663,-0.779783744,-0.312104017,4.825215095
EURO,Mumps,0.867689257,-0.646481505,-0.826736126,-0.894954935,-0.49011653,1.744766505,1.872694614,-0.95728354,-1.604805153,-1.079665335,-0.726135054,-0.537916668,0,-0.169880663,-0.779783744,-0.312171572,0.624701975
EURO,OCV,46.21438872,-0.646481505,-0.826736126,-0.894954935,-0.49011653,1.744766505,1.872694614,-0.95728354,-1.604805153,-1.079665335,-0.726135054,-0.537916668,0,-0.169880663,0.107556379,-0.31430569,3.854698692
EURO,Other,111.7861055,-0.646481505,-0.826736126,-0.894954935,-0.49011653,1.744766505,1.872694614,-0.95728354,-1.604805153,-1.079665335,-0.726135054,-0.537916668,0,-0.169880663,0.994896502,-0.312647381,4.725493153
EURO,PCV10,27.02347769,-0.646481505,-0.826736126,-0.894954935,-0.49011653,1.744766505,1.872694614,-0.95728354,-1.604805153,-1.079665335,-0.726135054,-0.537916668,0,-0.169880663,-0.484003703,-0.204487365,3.333042648
EURO,PCV13,32.74850871,-0.646481505,-0.826736126,-0.894954935,-0.49011653,1.744766505,1.872694614,-0.95728354,-1.604805153,-1.079665335,-0.726135054,-0.537916668,0,-0.169880663,0.107556379,0.047764056,3.51893623
EURO,PCV15,38.00331521,-0.646481505,-0.826736126,-0.894954935,-0.49011653,1.744766505,1.872694614,-0.95728354,-1.604805153,-1.079665335,-0.726135054,-0.537916668,0,-0.169880663,-0.779783744,-0.308813951,3.663646648
EURO,PCV20,59.14709952,-0.646481505,-0.826736126,-0.894954935,-0.49011653,1.744766505,1.872694614,-0.95728354,-1.604805153,-1.079665335,-0.726135054,-0.537916668,0,-0.169880663,-0.779783744,-0.313701946,4.09679322
EURO,PPSV23,18.90689066,-0.646481505,-0.826736126,-0.894954935,-0.49011653,1.744766505,1.872694614,-0.95728354,-1.604805153,-1.079665335,-0.726135054,-0.537916668,0,-0.169880663,0.107556379,-0.267379798,2.991065936
EURO,RSV,180.5722222,-0.646481505,-0.826736126,-0.894954935,-0.49011653,1.744766505,1.872694614,-0.95728354,-1.604805153,-1.079665335,-0.726135054,-0.537916668,0,-0.169880663,-0.779783744,-0.31429085,5.201653493
EURO,RSV mAb,504.2111111,-0.646481505,-0.826736126,-0.894954935,-0.49011653,1.744766505,1.872694614,-0.95728354,-1.604805153,-1.079665335,-0.726135054,-0.537916668,0,-0.169880663,-0.484003703,-0.314285858,6.224976384
EURO,RV1,27.69362026,-0.646481505,-0.826736126,-0.894954935,-0.49011653,1.744766505,1.872694614,-0.95728354,-1.604805153,-1.079665335,-0.726135054,-0.537916668,0,-0.169880663,-0.779783744,-0.29963869,3.356674808
EURO,RV5,15.90986509,-0.646481505,-0.826736126,-0.894954935,-0.49011653,1.744766505,1.872694614,-0.95728354,-1.604805153,-1.079665335,-0.726135054,-0.537916668,0,-0.169880663,-0.188223662,-0.260957281,2.827897185
EURO,Rabies,25.77317634,-0.646481505,-0.826736126,-0.894954935,-0.49011653,1.744766505,1.872694614,-0.95728354,-1.604805153,-1.079665335,-0.726135054,-0.537916668,0,-0.169880663,2.769576747,-0.298795353,3.287400503
EURO,Rota,8.716577082,-0.646481505,-0.826736126,-0.894954935,-0.49011653,1.744766505,1.872694614,-0.95728354,-1.604805153,-1.079665335,-0.726135054,-0.537916668,0,-0.169880663,-0.188223662,-0.263844632,2.273833404
EURO,Rubella,1.463336044,-0.646481505,-0.826736126,-0.894954935,-0.49011653,1.744766505,1.872694614,-0.95728354,-1.604805153,-1.079665335,-0.726135054,-0.537916668,0,-0.169880663,-0.484003703,-0.225339444,0.901516547
EURO,Shingles,147.5666004,-0.646481505,-0.826736126,-0.894954935,-0.49011653,1.744766505,1.872694614,-0.95728354,-1.604805153,-1.079665335,-0.726135054,-0.537916668,0,-0.169880663,-0.188223662,-0.31418966,5.001033345
EURO,TBE (adult),15.10218977,-0.646481505,-0.826736126,-0.894954935,-0.49011653,1.744766505,1.872694614,-0.95728354,-1.604805153,-1.079665335,-0.726135054,-0.537916668,0,-0.169880663,0.994896502,-0.312298837,2.778955273
EURO,TBE (ped.),16.00828135,-0.646481505,-0.826736126,-0.894954935,-0.49011653,1.744766505,1.872694614,-0.95728354,-1.604805153,-1.079665335,-0.726135054,-0.537916668,0,-0.169880663,0.699116461,-0.31353114,2.833700364
EURO,TCV,15.46132334,-0.646481505,-0.826736126,-0.894954935,-0.49011653,1.744766505,1.872694614,-0.95728354,-1.604805153,-1.079665335,-0.726135054,-0.537916668,0,-0.169880663,-0.188223662,-0.314164263,2.801013589
EURO,TT,3.509555005,-0.646481505,-0.826736126,-0.894954935,-0.49011653,1.744766505,1.872694614,-0.95728354,-1.604805153,-1.079665335,-0.726135054,-0.537916668,0,-0.169880663,1.290676543,-0.232390917,1.50619848
EURO,Td,3.190068871,-0.646481505,-0.826736126,-0.894954935,-0.49011653,1.744766505,1.872694614,-0.95728354,-1.604805153,-1.079665335,-0.726135054,-0.537916668,0,-0.169880663,3.065356788,0.783914429,1.432717171
EURO,Td-IPV,15.10999671,-0.646481505,-0.826736126,-0.894954935,-0.49011653,1.744766505,1.872694614,-0.95728354,-1.604805153,-1.079665335,-0.726135054,-0.537916668,0,-0.169880663,-0.484003703,-0.308313183,2.779439993
EURO,TdaP,14.70301034,-0.646481505,-0.826736126,-0.894954935,-0.49011653,1.744766505,1.872694614,-0.95728354,-1.604805153,-1.079665335,-0.726135054,-0.537916668,0,-0.169880663,-0.484003703,-0.308925868,2.753852436
EURO,TdaP-IPV,20.93464395,-0.646481505,-0.826736126,-0.894954935,-0.49011653,1.744766505,1.872694614,-0.95728354,-1.604805153,-1.079665335,-0.726135054,-0.537916668,0,-0.169880663,-0.484003703,-0.313509375,3.088067302
EURO,Tdap,16.05089576,-0.646481505,-0.826736126,-0.894954935,-0.49011653,1.744766505,1.872694614,-0.95728354,-1.604805153,-1.079665335,-0.726135054,-0.537916668,0,-0.169880663,0.107556379,-0.268906176,2.836202739
EURO,Tdap-IPV,21.757207,-0.646481505,-0.826736126,-0.894954935,-0.49011653,1.744766505,1.872694614,-0.95728354,-1.604805153,-1.079665335,-0.726135054,-0.537916668,0,-0.169880663,-0.188223662,-0.303338437,3.124881886
EURO,Tularemia,1.696592509,-0.646481505,-0.826736126,-0.894954935,-0.49011653,1.744766505,1.872694614,-0.95728354,-1.604805153,-1.079665335,-0.726135054,-0.537916668,0,-0.169880663,-0.779783744,-0.313253643,0.991988942
EURO,Typhoid Ps,16.73578298,-0.646481505,-0.826736126,-0.894954935,-0.49011653,1.744766505,1.872694614,-0.95728354,-1.604805153,-1.079665335,-0.726135054,-0.537916668,0,-0.169880663,1.290676543,-0.313142321,2.875584236
EURO,Typhoid-Tetanus,15.00403787,-0.646481505,-0.826736126,-0.894954935,-0.49011653,1.744766505,1.872694614,-0.95728354,-1.604805153,-1.079665335,-0.726135054,-0.537916668,0,-0.169880663,-0.779783744,-0.314306922,2.772841058
EURO,Varicella,37.45510671,-0.646481505,-0.826736126,-0.894954935,-0.49011653,1.744766505,1.872694614,-0.95728354,-1.604805153,-1.079665335,-0.726135054,-0.537916668,0,-0.169880663,-0.188223662,-0.24807486,3.649491501
EURO,YF,23.35025729,-0.646481505,-0.826736126,-0.894954935,-0.49011653,1.744766505,1.872694614,-0.95728354,-1.604805153,-1.079665335,-0.726135054,-0.537916668,0,-0.169880663,0.107556379,-0.313524033,3.192542416
EURO,bOPV,0.493252473,-0.646481505,-0.826736126,-0.894954935,-0.49011653,1.744766505,1.872694614,-0.95728354,-1.604805153,-1.079665335,-0.726135054,-0.537916668,0,-0.169880663,1.290676543,0.184969244,0.400956609
EURO,influenza adjuvant vaccine,2.653564014,-0.646481505,-0.826736126,-0.894954935,-0.49011653,1.744766505,1.872694614,-0.95728354,-1.604805153,-1.079665335,-0.726135054,-0.537916668,0,-0.169880663,0.107556379,1.094685804,1.295703133
EURO,influenza high dose vaccine,29.21052222,-0.646481505,-0.826736126,-0.894954935,-0.49011653,1.744766505,1.872694614,-0.95728354,-1.604805153,-1.079665335,-0.726135054,-0.537916668,0,-0.169880663,-0.484003703,-0.31167793,3.408190282
EURO,influenza inactivated vaccine,4.28781392,-0.646481505,-0.826736126,-0.894954935,-0.49011653,1.744766505,1.872694614,-0.95728354,-1.604805153,-1.079665335,-0.726135054,-0.537916668,0,-0.169880663,1.586456584,-0.130703176,1.665404913
EURO,influenza quadrivalent inactivated vaccine,8.784187504,-0.646481505,-0.826736126,-0.894954935,-0.49011653,1.744766505,1.872694614,-0.95728354,-1.604805153,-1.079665335,-0.726135054,-0.537916668,0,-0.169880663,1.290676543,0.231139971,2.280767563
EURO,influenza quadrivalent live attenuated vaccine,18.47359127,-0.646481505,-0.826736126,-0.894954935,-0.49011653,1.744766505,1.872694614,-0.95728354,-1.604805153,-1.079665335,-0.726135054,-0.537916668,0,-0.169880663,-0.188223662,-0.307453204,2.969059254
EURO,influenza trivalent inactivated vaccine,4.369107963,-0.646481505,-0.826736126,-0.894954935,-0.49011653,1.744766505,1.872694614,-0.95728354,-1.604805153,-1.079665335,-0.726135054,-0.537916668,0,-0.169880663,2.473796706,0.287065806,1.68066178
EURO,influenza trivalent live attenuated vaccine,20.18956315,-0.646481505,-0.826736126,-0.894954935,-0.49011653,1.744766505,1.872694614,-0.95728354,-1.604805153,-1.079665335,-0.726135054,-0.537916668,0,-0.169880663,-0.779783744,-0.313178245,3.053508756
EURO,mOPV2,,-0.646481505,-0.826736126,-0.894954935,-0.49011653,1.744766505,1.872694614,-0.95728354,-1.604805153,-1.079665335,-0.726135054,-0.537916668,0,-0.169880663,-0.779783744,-0.314147132,
EURO,mOPV3,1.086623,-0.646481505,-0.826736126,-0.894954935,-0.49011653,1.744766505,1.872694614,-0.95728354,-1.604805153,-1.079665335,-0.726135054,-0.537916668,0,-0.169880663,-0.779783744,-0.314153532,0.73554697
EURO,tOPV,0.415981463,-0.646481505,-0.826736126,-0.894954935,-0.49011653,1.744766505,1.872694614,-0.95728354,-1.604805153,-1.079665335,-0.726135054,-0.537916668,0,-0.169880663,0.40333642,-0.173830211,0.347822904
SEARO,BCG,0.284618028,-0.110485496,-0.18310968,-0.09535835,-0.211172726,-0.963468208,-1.000544998,1.424074654,-0.73196546,-0.700189437,0.475395002,1.671131118,0,-0.598785597,0.994896502,2.488716287,0.25046142
SEARO,COVID-19,5.916666667,-0.110485496,-0.18310968,-0.09535835,-0.211172726,-0.963468208,-1.000544998,1.424074654,-0.73196546,-0.700189437,0.475395002,1.671131118,0,-0.598785597,2.769576747,8.420966617,1.933933958
SEARO,DT,0.246417188,-0.110485496,-0.18310968,-0.09535835,-0.211172726,-0.963468208,-1.000544998,1.424074654,-0.73196546,-0.700189437,0.475395002,1.671131118,0,-0.598785597,-0.188223662,-0.166124653,0.220273186
SEARO,DTwP,0.290781783,-0.110485496,-0.18310968,-0.09535835,-0.211172726,-0.963468208,-1.000544998,1.424074654,-0.73196546,-0.700189437,0.475395002,1.671131118,0,-0.598785597,0.107556379,0.2051377,0.255248068
SEARO,DTwP-HepB,2.416558543,-0.110485496,-0.18310968,-0.09535835,-0.211172726,-0.963468208,-1.000544998,1.424074654,-0.73196546,-0.700189437,0.475395002,1.671131118,0,-0.598785597,-0.779783744,-0.292113148,1.22863377
SEARO,DTwP-HepB-Hib,0.992760066,-0.110485496,-0.18310968,-0.09535835,-0.211172726,-0.963468208,-1.000544998,1.424074654,-0.73196546,-0.700189437,0.475395002,1.671131118,0,-0.598785597,1.882236624,2.384785038,0.689520646
SEARO,DTwP-Hib,1.153356,-0.110485496,-0.18310968,-0.09535835,-0.211172726,-0.963468208,-1.000544998,1.424074654,-0.73196546,-0.700189437,0.475395002,1.671131118,0,-0.598785597,-0.779783744,-0.303746195,0.767027555
SEARO,HPV2,5.188668342,-0.110485496,-0.18310968,-0.09535835,-0.211172726,-0.963468208,-1.000544998,1.424074654,-0.73196546,-0.700189437,0.475395002,1.671131118,0,-0.598785597,-0.188223662,-0.303436123,1.822719933
SEARO,HPV4,8.605017793,-0.110485496,-0.18310968,-0.09535835,-0.211172726,-0.963468208,-1.000544998,1.424074654,-0.73196546,-0.700189437,0.475395002,1.671131118,0,-0.598785597,-0.484003703,-0.264917,2.262285649
SEARO,HepB (adult),1.029207102,-0.110485496,-0.18310968,-0.09535835,-0.211172726,-0.963468208,-1.000544998,1.424074654,-0.73196546,-0.700189437,0.475395002,1.671131118,0,-0.598785597,-0.779783744,-0.311490893,0.707645127
SEARO,HepB (ped.),0.586109994,-0.110485496,-0.18310968,-0.09535835,-0.211172726,-0.963468208,-1.000544998,1.424074654,-0.73196546,-0.700189437,0.475395002,1.671131118,0,-0.598785597,0.699116461,0.160506152,0.461284474
SEARO,Hib,1.963185833,-0.110485496,-0.18310968,-0.09535835,-0.211172726,-0.963468208,-1.000544998,1.424074654,-0.73196546,-0.700189437,0.475395002,1.671131118,0,-0.598785597,-0.779783744,-0.31212231,1.086264985
SEARO,IPV,2.758881874,-0.110485496,-0.18310968,-0.09535835,-0.211172726,-0.963468208,-1.000544998,1.424074654,-0.73196546,-0.700189437,0.475395002,1.671131118,0,-0.598785597,0.40333642,0.099971282,1.324121539
SEARO,JE inactivated,1.782981352,-0.110485496,-0.18310968,-0.09535835,-0.211172726,-0.963468208,-1.000544998,1.424074654,-0.73196546,-0.700189437,0.475395002,1.671131118,0,-0.598785597,-0.188223662,0.345622988,1.023522782
SEARO,JE inactivated (ped.),1.173326997,-0.110485496,-0.18310968,-0.09535835,-0.211172726,-0.963468208,-1.000544998,1.424074654,-0.73196546,-0.700189437,0.475395002,1.671131118,0,-0.598785597,-0.484003703,-0.179895045,0.776259172
SEARO,JE live attenuated,1.477988239,-0.110485496,-0.18310968,-0.09535835,-0.211172726,-0.963468208,-1.000544998,1.424074654,-0.73196546,-0.700189437,0.475395002,1.671131118,0,-0.598785597,-0.484003703,0.076715642,0.907447037
SEARO,JE live attenuated (adult),0.761655057,-0.110485496,-0.18310968,-0.09535835,-0.211172726,-0.963468208,-1.000544998,1.424074654,-0.73196546,-0.700189437,0.475395002,1.671131118,0,-0.598785597,-0.779783744,-0.313987469,0.566253741
SEARO,JE live attenuated (ped.),0.912103371,-0.110485496,-0.18310968,-0.09535835,-0.211172726,-0.963468208,-1.000544998,1.424074654,-0.73196546,-0.700189437,0.475395002,1.671131118,0,-0.598785597,-0.779783744,-0.30854698,0.648203878
SEARO,MMR,3.155041279,-0.110485496,-0.18310968,-0.09535835,-0.211172726,-0.963468208,-1.000544998,1.424074654,-0.73196546,-0.700189437,0.475395002,1.671131118,0,-0.598785597,-0.484003703,-0.267646913,1.424322363
SEARO,MR,0.984072726,-0.110485496,-0.18310968,-0.09535835,-0.211172726,-0.963468208,-1.000544998,1.424074654,-0.73196546,-0.700189437,0.475395002,1.671131118,0,-0.598785597,-0.188223662,2.921078541,0.685151664
SEARO,Measles,0.23740425,-0.110485496,-0.18310968,-0.09535835,-0.211172726,-0.963468208,-1.000544998,1.424074654,-0.73196546,-0.700189437,0.475395002,1.671131118,0,-0.598785597,-0.484003703,0.041734122,0.213015839
SEARO,MenAC Ps,25.64175699,-0.110485496,-0.18310968,-0.09535835,-0.211172726,-0.963468208,-1.000544998,1.424074654,-0.73196546,-0.700189437,0.475395002,1.671131118,0,-0.598785597,-0.779783744,-0.314303946,3.282479797
SEARO,MenACYW-135 Ps,9.951573161,-0.110485496,-0.18310968,-0.09535835,-0.211172726,-0.963468208,-1.000544998,1.424074654,-0.73196546,-0.700189437,0.475395002,1.671131118,0,-0.598785597,-0.779783744,-0.314288585,2.393483114
SEARO,MenACYW-135 conj.,28.36570544,-0.110485496,-0.18310968,-0.09535835,-0.211172726,-0.963468208,-1.000544998,1.424074654,-0.73196546,-0.700189437,0.475395002,1.671131118,0,-0.598785597,-0.779783744,-0.31423674,3.379827512
SEARO,Mpox,225.57,-0.110485496,-0.18310968,-0.09535835,-0.211172726,-0.963468208,-1.000544998,1.424074654,-0.73196546,-0.700189437,0.475395002,1.671131118,0,-0.598785597,-0.779783744,-0.314302026,5.423053948
SEARO,OCV,7.468951938,-0.110485496,-0.18310968,-0.09535835,-0.211172726,-0.963468208,-1.000544998,1.424074654,-0.73196546,-0.700189437,0.475395002,1.671131118,0,-0.598785597,-0.779783744,-0.31427202,2.136406763
SEARO,PCV10,3.274638267,-0.110485496,-0.18310968,-0.09535835,-0.211172726,-0.963468208,-1.000544998,1.424074654,-0.73196546,-0.700189437,0.475395002,1.671131118,0,-0.598785597,-0.188223662,0.392890764,1.452699483
SEARO,PCV13,5.063407592,-0.110485496,-0.18310968,-0.09535835,-0.211172726,-0.963468208,-1.000544998,1.424074654,-0.73196546,-0.700189437,0.475395002,1.671131118,0,-0.598785597,-0.779783744,-0.222828501,1.802271951
SEARO,RV1,1.959623079,-0.110485496,-0.18310968,-0.09535835,-0.211172726,-0.963468208,-1.000544998,1.424074654,-0.73196546,-0.700189437,0.475395002,1.671131118,0,-0.598785597,-0.484003703,0.240942172,1.085061922
SEARO,RV5,0.834576157,-0.110485496,-0.18310968,-0.09535835,-0.211172726,-0.963468208,-1.000544998,1.424074654,-0.73196546,-0.700189437,0.475395002,1.671131118,0,-0.598785597,-0.779783744,-0.004519256,0.606813478
SEARO,Rabies,7.793229489,-0.110485496,-0.18310968,-0.09535835,-0.211172726,-0.963468208,-1.000544998,1.424074654,-0.73196546,-0.700189437,0.475395002,1.671131118,0,-0.598785597,-0.484003703,-0.30757438,2.173982049
SEARO,Rota,1.912932904,-0.110485496,-0.18310968,-0.09535835,-0.211172726,-0.963468208,-1.000544998,1.424074654,-0.73196546,-0.700189437,0.475395002,1.671131118,0,-0.598785597,0.107556379,0.231946418,1.069160444
SEARO,TCV,0.95,-0.110485496,-0.18310968,-0.09535835,-0.211172726,-0.963468208,-1.000544998,1.424074654,-0.73196546,-0.700189437,0.475395002,1.671131118,0,-0.598785597,-0.779783744,-0.308485502,0.667829373
SEARO,TT,0.413538462,-0.110485496,-0.18310968,-0.09535835,-0.211172726,-0.963468208,-1.000544998,1.424074654,-0.73196546,-0.700189437,0.475395002,1.671131118,0,-0.598785597,0.40333642,0.040356081,0.346096108
SEARO,Td,0.194695746,-0.110485496,-0.18310968,-0.09535835,-0.211172726,-0.963468208,-1.000544998,1.424074654,-0.73196546,-0.700189437,0.475395002,1.671131118,0,-0.598785597,0.40333642,2.83243953,0.177891547
SEARO,Td-IPV,,-0.110485496,-0.18310968,-0.09535835,-0.211172726,-0.963468208,-1.000544998,1.424074654,-0.73196546,-0.700189437,0.475395002,1.671131118,0,-0.598785597,-0.779783744,-0.313057114,
SEARO,Tdap,14.3040502,-0.110485496,-0.18310968,-0.09535835,-0.211172726,-0.963468208,-1.000544998,1.424074654,-0.73196546,-0.700189437,0.475395002,1.671131118,0,-0.598785597,-0.484003703,-0.314294345,2.728117512
SEARO,Typhoid Ps,4.65,-0.110485496,-0.18310968,-0.09535835,-0.211172726,-0.963468208,-1.000544998,1.424074654,-0.73196546,-0.700189437,0.475395002,1.671131118,0,-0.598785597,-0.779783744,-0.314147132,1.731655545
SEARO,YF,9.256112867,-0.110485496,-0.18310968,-0.09535835,-0.211172726,-0.963468208,-1.000544998,1.424074654,-0.73196546,-0.700189437,0.475395002,1.671131118,0,-0.598785597,-0.484003703,-0.314254438,2.327873905
SEARO,bOPV,0.247058275,-0.110485496,-0.18310968,-0.09535835,-0.211172726,-0.963468208,-1.000544998,1.424074654,-0.73196546,-0.700189437,0.475395002,1.671131118,0,-0.598785597,2.178016665,12.05344601,0.220787397
SEARO,influenza inactivated vaccine,3.798770858,-0.110485496,-0.18310968,-0.09535835,-0.211172726,-0.963468208,-1.000544998,1.424074654,-0.73196546,-0.700189437,0.475395002,1.671131118,0,-0.598785597,-0.484003703,-0.271509693,1.568359814
SEARO,influenza quadrivalent inactivated vaccine,4.743903459,-0.110485496,-0.18310968,-0.09535835,-0.211172726,-0.963468208,-1.000544998,1.424074654,-0.73196546,-0.700189437,0.475395002,1.671131118,0,-0.598785597,-0.188223662,-0.309279462,1.748139024
SEARO,influenza trivalent inactivated vaccine,4.229976183,-0.110485496,-0.18310968,-0.09535835,-0.211172726,-0.963468208,-1.000544998,1.424074654,-0.73196546,-0.700189437,0.475395002,1.671131118,0,-0.598785597,0.40333642,-0.28324963,1.654406724
SEARO,tOPV,0.18,-0.110485496,-0.18310968,-0.09535835,-0.211172726,-0.963468208,-1.000544998,1.424074654,-0.73196546,-0.700189437,0.475395002,1.671131118,0,-0.598785597,-0.779783744,-0.313987117,0.165514438
WPRO,BCG,1.404504371,1.723121195,1.642276613,1.650133392,1.768895257,-0.073082413,-0.42780326,0.87056063,0.808406045,-0.360081091,1.889645112,0.740898371,0,-0.502689733,1.882236624,0.407682422,0.8773438
WPRO,COVID-19,16.93205128,1.723121195,1.642276613,1.650133392,1.768895257,-0.073082413,-0.42780326,0.87056063,0.808406045,-0.360081091,1.889645112,0.740898371,0,-0.502689733,3.065356788,1.821102279,2.886589686
WPRO,DT,0.228527434,1.723121195,1.642276613,1.650133392,1.768895257,-0.073082413,-0.42780326,0.87056063,0.808406045,-0.360081091,1.889645112,0.740898371,0,-0.502689733,0.40333642,-0.136047187,0.205816244
WPRO,DTaP,7.154226707,1.723121195,1.642276613,1.650133392,1.768895257,-0.073082413,-0.42780326,0.87056063,0.808406045,-0.360081091,1.889645112,0.740898371,0,-0.502689733,1.882236624,0.994631448,2.098536407
WPRO,DTaP-HepB-Hib-IPV,56.92453994,1.723121195,1.642276613,1.650133392,1.768895257,-0.073082413,-0.42780326,0.87056063,0.808406045,-0.360081091,1.889645112,0.740898371,0,-0.502689733,-0.188223662,-0.288633625,4.059141128
WPRO,DTaP-HepB-IPV,55.98644172,1.723121195,1.642276613,1.650133392,1.768895257,-0.073082413,-0.42780326,0.87056063,0.808406045,-0.360081091,1.889645112,0.740898371,0,-0.502689733,-0.779783744,-0.314283864,4.042813375
WPRO,"DTaP-HepB-_x000D_
IPV",59.05,1.723121195,1.642276613,1.650133392,1.768895257,-0.073082413,-0.42780326,0.87056063,0.808406045,-0.360081091,1.889645112,0.740898371,0,-0.502689733,-0.779783744,-0.314305866,4.095177549
WPRO,DTaP-Hib,0.829643236,1.723121195,1.642276613,1.650133392,1.768895257,-0.073082413,-0.42780326,0.87056063,0.808406045,-0.360081091,1.889645112,0.740898371,0,-0.502689733,-0.779783744,-0.305342547,0.604120995
WPRO,DTaP-Hib-IPV,28.6352068,1.723121195,1.642276613,1.650133392,1.768895257,-0.073082413,-0.42780326,0.87056063,0.808406045,-0.360081091,1.889645112,0.740898371,0,-0.502689733,0.107556379,-0.275204432,3.388963073
WPRO,DTaP-IPV,19.93843415,1.723121195,1.642276613,1.650133392,1.768895257,-0.073082413,-0.42780326,0.87056063,0.808406045,-0.360081091,1.889645112,0.740898371,0,-0.502689733,0.107556379,-0.276502267,3.041586425
WPRO,DTwP,0.495128762,1.723121195,1.642276613,1.650133392,1.768895257,-0.073082413,-0.42780326,0.87056063,0.808406045,-0.360081091,1.889645112,0.740898371,0,-0.502689733,0.107556379,-0.110738579,0.402212332
WPRO,DTwP-HepB,2.291774892,1.723121195,1.642276613,1.650133392,1.768895257,-0.073082413,-0.42780326,0.87056063,0.808406045,-0.360081091,1.889645112,0.740898371,0,-0.502689733,-0.779783744,-0.306306426,1.1914269
WPRO,DTwP-HepB-Hib,1.369061379,1.723121195,1.642276613,1.650133392,1.768895257,-0.073082413,-0.42780326,0.87056063,0.808406045,-0.360081091,1.889645112,0.740898371,0,-0.502689733,1.586456584,0.051931104,0.862493834
WPRO,DTwP-Hib,,1.723121195,1.642276613,1.650133392,1.768895257,-0.073082413,-0.42780326,0.87056063,0.808406045,-0.360081091,1.889645112,0.740898371,0,-0.502689733,-0.779783744,-0.314304906,
WPRO,HPV2,28.55799791,1.723121195,1.642276613,1.650133392,1.768895257,-0.073082413,-0.42780326,0.87056063,0.808406045,-0.360081091,1.889645112,0.740898371,0,-0.502689733,-0.779783744,-0.306164381,3.386354364
WPRO,HPV4,25.30174301,1.723121195,1.642276613,1.650133392,1.768895257,-0.073082413,-0.42780326,0.87056063,0.808406045,-0.360081091,1.889645112,0.740898371,0,-0.502689733,-0.484003703,-0.276548579,3.269635211
WPRO,HPV9,128.8133878,1.723121195,1.642276613,1.650133392,1.768895257,-0.073082413,-0.42780326,0.87056063,0.808406045,-0.360081091,1.889645112,0.740898371,0,-0.502689733,-0.484003703,-0.304112315,4.866097941
WPRO,HepA (adult),38.0164303,1.723121195,1.642276613,1.650133392,1.768895257,-0.073082413,-0.42780326,0.87056063,0.808406045,-0.360081091,1.889645112,0.740898371,0,-0.502689733,-0.188223662,-0.314237994,3.663982847
WPRO,HepA (ped.),12.6412662,1.723121195,1.642276613,1.650133392,1.768895257,-0.073082413,-0.42780326,0.87056063,0.808406045,-0.360081091,1.889645112,0.740898371,0,-0.502689733,2.473796706,-0.14428917,2.613099478
WPRO,HepA+B,77.81,1.723121195,1.642276613,1.650133392,1.768895257,-0.073082413,-0.42780326,0.87056063,0.808406045,-0.360081091,1.889645112,0.740898371,0,-0.502689733,-0.779783744,-0.314306573,4.367039892
WPRO,HepA-Typhoid,87.36498423,1.723121195,1.642276613,1.650133392,1.768895257,-0.073082413,-0.42780326,0.87056063,0.808406045,-0.360081091,1.889645112,0.740898371,0,-0.502689733,-0.779783744,-0.314306106,4.481475785
WPRO,HepB (adult),9.268786977,1.723121195,1.642276613,1.650133392,1.768895257,-0.073082413,-0.42780326,0.87056063,0.808406045,-0.360081091,1.889645112,0.740898371,0,-0.502689733,1.882236624,-0.28415398,2.329108904
WPRO,HepB (ped.),2.105534229,1.723121195,1.642276613,1.650133392,1.768895257,-0.073082413,-0.42780326,0.87056063,0.808406045,-0.360081091,1.889645112,0.740898371,0,-0.502689733,4.248476952,0.469748308,1.133185755
WPRO,Hib,12.45182865,1.723121195,1.642276613,1.650133392,1.768895257,-0.073082413,-0.42780326,0.87056063,0.808406045,-0.360081091,1.889645112,0.740898371,0,-0.502689733,0.40333642,-0.269995829,2.599115056
WPRO,Hib-MenC conj.,13.21,1.723121195,1.642276613,1.650133392,1.768895257,-0.073082413,-0.42780326,0.87056063,0.808406045,-0.360081091,1.889645112,0.740898371,0,-0.502689733,-0.484003703,-0.314305546,2.653945942
WPRO,IPV,7.336529173,1.723121195,1.642276613,1.650133392,1.768895257,-0.073082413,-0.42780326,0.87056063,0.808406045,-0.360081091,1.889645112,0.740898371,0,-0.502689733,1.586456584,-0.064612695,2.120646963
WPRO,JE inactivated,19.47629352,1.723121195,1.642276613,1.650133392,1.768895257,-0.073082413,-0.42780326,0.87056063,0.808406045,-0.360081091,1.889645112,0.740898371,0,-0.502689733,0.107556379,-0.128659222,3.019267803
WPRO,JE inactivated (ped.),0.459589806,1.723121195,1.642276613,1.650133392,1.768895257,-0.073082413,-0.42780326,0.87056063,0.808406045,-0.360081091,1.889645112,0.740898371,0,-0.502689733,-0.779783744,-0.309506714,0.378155442
WPRO,JE live attenuated,21.93828353,1.723121195,1.642276613,1.650133392,1.768895257,-0.073082413,-0.42780326,0.87056063,0.808406045,-0.360081091,1.889645112,0.740898371,0,-0.502689733,0.40333642,0.058798973,3.132807285
WPRO,JE live attenuated (ped.),32.33843438,1.723121195,1.642276613,1.650133392,1.768895257,-0.073082413,-0.42780326,0.87056063,0.808406045,-0.360081091,1.889645112,0.740898371,0,-0.502689733,0.107556379,-0.236464039,3.506710917
WPRO,MMR,8.23200861,1.723121195,1.642276613,1.650133392,1.768895257,-0.073082413,-0.42780326,0.87056063,0.808406045,-0.360081091,1.889645112,0.740898371,0,-0.502689733,0.994896502,0.362273748,2.222676642
WPRO,MMRV,62.68638532,1.723121195,1.642276613,1.650133392,1.768895257,-0.073082413,-0.42780326,0.87056063,0.808406045,-0.360081091,1.889645112,0.740898371,0,-0.502689733,-0.188223662,-0.313768704,4.153970808
WPRO,MR,1.295094032,1.723121195,1.642276613,1.650133392,1.768895257,-0.073082413,-0.42780326,0.87056063,0.808406045,-0.360081091,1.889645112,0.740898371,0,-0.502689733,0.994896502,0.207993842,0.830773815
WPRO,Measles,0.318069613,1.723121195,1.642276613,1.650133392,1.768895257,-0.073082413,-0.42780326,0.87056063,0.808406045,-0.360081091,1.889645112,0.740898371,0,-0.502689733,0.107556379,-0.133148142,0.276168252
WPRO,MenA Ps,0.40399842,1.723121195,1.642276613,1.650133392,1.768895257,-0.073082413,-0.42780326,0.87056063,0.808406045,-0.360081091,1.889645112,0.740898371,0,-0.502689733,-0.484003703,-0.111407804,0.33932418
WPRO,MenAC Ps,1.319685875,1.723121195,1.642276613,1.650133392,1.768895257,-0.073082413,-0.42780326,0.87056063,0.808406045,-0.360081091,1.889645112,0.740898371,0,-0.502689733,0.107556379,-0.088718705,0.841431778
WPRO,MenAC conj.,1.428357819,1.723121195,1.642276613,1.650133392,1.768895257,-0.073082413,-0.42780326,0.87056063,0.808406045,-0.360081091,1.889645112,0.740898371,0,-0.502689733,-0.484003703,-0.189876558,0.887215234
WPRO,MenACYW-135 Ps,13.02358494,1.723121195,1.642276613,1.650133392,1.768895257,-0.073082413,-0.42780326,0.87056063,0.808406045,-0.360081091,1.889645112,0.740898371,0,-0.502689733,0.107556379,-0.314090944,2.640740551
WPRO,MenACYW-135 conj.,48.55762006,1.723121195,1.642276613,1.650133392,1.768895257,-0.073082413,-0.42780326,0.87056063,0.808406045,-0.360081091,1.889645112,0.740898371,0,-0.502689733,-0.188223662,-0.313248068,3.903136034
WPRO,MenB,123.5582629,1.723121195,1.642276613,1.650133392,1.768895257,-0.073082413,-0.42780326,0.87056063,0.808406045,-0.360081091,1.889645112,0.740898371,0,-0.502689733,-0.779783744,-0.313343882,4.824773582
WPRO,MenC conj.,39.68479568,1.723121195,1.642276613,1.650133392,1.768895257,-0.073082413,-0.42780326,0.87056063,0.808406045,-0.360081091,1.889645112,0.740898371,0,-0.502689733,-0.779783744,-0.31429719,3.705854452
WPRO,Mpox,,1.723121195,1.642276613,1.650133392,1.768895257,-0.073082413,-0.42780326,0.87056063,0.808406045,-0.360081091,1.889645112,0.740898371,0,-0.502689733,-0.779783744,-0.31381795,
WPRO,Mumps,,1.723121195,1.642276613,1.650133392,1.768895257,-0.073082413,-0.42780326,0.87056063,0.808406045,-0.360081091,1.889645112,0.740898371,0,-0.502689733,-0.779783744,-0.298581353,
WPRO,OCV,0.456641,1.723121195,1.642276613,1.650133392,1.768895257,-0.073082413,-0.42780326,0.87056063,0.808406045,-0.360081091,1.889645112,0.740898371,0,-0.502689733,-0.779783744,-0.313667089,0.3761331
WPRO,Other,,1.723121195,1.642276613,1.650133392,1.768895257,-0.073082413,-0.42780326,0.87056063,0.808406045,-0.360081091,1.889645112,0.740898371,0,-0.502689733,-0.779783744,-0.314219529,
WPRO,PCV10,44.31716869,1.723121195,1.642276613,1.650133392,1.768895257,-0.073082413,-0.42780326,0.87056063,0.808406045,-0.360081091,1.889645112,0.740898371,0,-0.502689733,-0.484003703,-0.261219339,3.81368596
WPRO,PCV13,29.16309248,1.723121195,1.642276613,1.650133392,1.768895257,-0.073082413,-0.42780326,0.87056063,0.808406045,-0.360081091,1.889645112,0.740898371,0,-0.502689733,-0.484003703,-0.059774064,3.406619074
WPRO,PCV15,112.0175641,1.723121195,1.642276613,1.650133392,1.768895257,-0.073082413,-0.42780326,0.87056063,0.808406045,-0.360081091,1.889645112,0.740898371,0,-0.502689733,-0.779783744,-0.310555061,4.727543241
WPRO,PCV20,185.09,1.723121195,1.642276613,1.650133392,1.768895257,-0.073082413,-0.42780326,0.87056063,0.808406045,-0.360081091,1.889645112,0.740898371,0,-0.502689733,-0.779783744,-0.31319929,5.226230428
WPRO,PCV7,3.3,1.723121195,1.642276613,1.650133392,1.768895257,-0.073082413,-0.42780326,0.87056063,0.808406045,-0.360081091,1.889645112,0.740898371,0,-0.502689733,-0.779783744,-0.314267143,1.458615023
WPRO,PPSV23,30.96553103,1.723121195,1.642276613,1.650133392,1.768895257,-0.073082413,-0.42780326,0.87056063,0.808406045,-0.360081091,1.889645112,0.740898371,0,-0.502689733,-0.484003703,-0.249529445,3.464658167
WPRO,RSV,185.455,1.723121195,1.642276613,1.650133392,1.768895257,-0.073082413,-0.42780326,0.87056063,0.808406045,-0.360081091,1.889645112,0.740898371,0,-0.502689733,-0.484003703,-0.314306266,5.228189923
WPRO,RV1,13.69563381,1.723121195,1.642276613,1.650133392,1.768895257,-0.073082413,-0.42780326,0.87056063,0.808406045,-0.360081091,1.889645112,0.740898371,0,-0.502689733,-0.188223662,-0.300176568,2.68755043
WPRO,RV5,80.30906496,1.723121195,1.642276613,1.650133392,1.768895257,-0.073082413,-0.42780326,0.87056063,0.808406045,-0.360081091,1.889645112,0.740898371,0,-0.502689733,-0.484003703,-0.306923278,4.39825751
WPRO,Rabies,58.02532675,1.723121195,1.642276613,1.650133392,1.768895257,-0.073082413,-0.42780326,0.87056063,0.808406045,-0.360081091,1.889645112,0.740898371,0,-0.502689733,0.699116461,-0.312793573,4.077966619
WPRO,Rota,25.26260306,1.723121195,1.642276613,1.650133392,1.768895257,-0.073082413,-0.42780326,0.87056063,0.808406045,-0.360081091,1.889645112,0.740898371,0,-0.502689733,-0.484003703,-0.281413999,3.26814599
WPRO,Rubella,8.287293,1.723121195,1.642276613,1.650133392,1.768895257,-0.073082413,-0.42780326,0.87056063,0.808406045,-0.360081091,1.889645112,0.740898371,0,-0.502689733,-0.484003703,-0.31400501,2.228647122
WPRO,Shingles,129.1520065,1.723121195,1.642276613,1.650133392,1.768895257,-0.073082413,-0.42780326,0.87056063,0.808406045,-0.360081091,1.889645112,0.740898371,0,-0.502689733,-0.188223662,-0.312233014,4.868703048
WPRO,TBE (adult),8.946854468,1.723121195,1.642276613,1.650133392,1.768895257,-0.073082413,-0.42780326,0.87056063,0.808406045,-0.360081091,1.889645112,0.740898371,0,-0.502689733,-0.779783744,-0.314155453,2.297256367
WPRO,TCV,5.335294905,1.723121195,1.642276613,1.650133392,1.768895257,-0.073082413,-0.42780326,0.87056063,0.808406045,-0.360081091,1.889645112,0.740898371,0,-0.502689733,-0.779783744,-0.314188096,1.846136364
WPRO,TT,1.603633904,1.723121195,1.642276613,1.650133392,1.768895257,-0.073082413,-0.42780326,0.87056063,0.808406045,-0.360081091,1.889645112,0.740898371,0,-0.502689733,0.994896502,-0.005700466,0.956908125
WPRO,Td,3.092314854,1.723121195,1.642276613,1.650133392,1.768895257,-0.073082413,-0.42780326,0.87056063,0.808406045,-0.360081091,1.889645112,0.740898371,0,-0.502689733,3.361136829,-0.130897056,1.409110789
WPRO,Td-IPV,9.712122855,1.723121195,1.642276613,1.650133392,1.768895257,-0.073082413,-0.42780326,0.87056063,0.808406045,-0.360081091,1.889645112,0.740898371,0,-0.502689733,-0.484003703,-0.314251202,2.371376077
WPRO,TdaP,31.02482051,1.723121195,1.642276613,1.650133392,1.768895257,-0.073082413,-0.42780326,0.87056063,0.808406045,-0.360081091,1.889645112,0.740898371,0,-0.502689733,-0.484003703,-0.311795807,3.466511243
WPRO,TdaP-IPV,22.67692308,1.723121195,1.642276613,1.650133392,1.768895257,-0.073082413,-0.42780326,0.87056063,0.808406045,-0.360081091,1.889645112,0.740898371,0,-0.502689733,-0.484003703,-0.314045414,3.164500864
WPRO,Tdap,17.35274325,1.723121195,1.642276613,1.650133392,1.768895257,-0.073082413,-0.42780326,0.87056063,0.808406045,-0.360081091,1.889645112,0.740898371,0,-0.502689733,-0.484003703,-0.291077516,2.909779059
WPRO,Tdap-IPV,26.12706288,1.723121195,1.642276613,1.650133392,1.768895257,-0.073082413,-0.42780326,0.87056063,0.808406045,-0.360081091,1.889645112,0.740898371,0,-0.502689733,-0.484003703,-0.313791964,3.30053186
WPRO,Typhoid Ps,20.60478462,1.723121195,1.642276613,1.650133392,1.768895257,-0.073082413,-0.42780326,0.87056063,0.808406045,-0.360081091,1.889645112,0.740898371,0,-0.502689733,-0.188223662,-0.311672877,3.0729148
WPRO,Varicella,35.71099252,1.723121195,1.642276613,1.650133392,1.768895257,-0.073082413,-0.42780326,0.87056063,0.808406045,-0.360081091,1.889645112,0.740898371,0,-0.502689733,0.699116461,-0.28673516,3.603076234
WPRO,YF,52.48417575,1.723121195,1.642276613,1.650133392,1.768895257,-0.073082413,-0.42780326,0.87056063,0.808406045,-0.360081091,1.889645112,0.740898371,0,-0.502689733,-0.484003703,-0.31427587,3.97938583
WPRO,bOPV,0.345906384,1.723121195,1.642276613,1.650133392,1.768895257,-0.073082413,-0.42780326,0.87056063,0.808406045,-0.360081091,1.889645112,0.740898371,0,-0.502689733,2.178016665,0.747928681,0.297067677
WPRO,influenza inactivated vaccine,7.581061229,1.723121195,1.642276613,1.650133392,1.768895257,-0.073082413,-0.42780326,0.87056063,0.808406045,-0.360081091,1.889645112,0.740898371,0,-0.502689733,2.178016665,0.162480023,2.149557592
WPRO,influenza quadrivalent inactivated vaccine,7.307839378,1.723121195,1.642276613,1.650133392,1.768895257,-0.073082413,-0.42780326,0.87056063,0.808406045,-0.360081091,1.889645112,0.740898371,0,-0.502689733,2.769576747,-0.019293315,2.117199572
WPRO,influenza quadrivalent live attenuated vaccine,19.63220676,1.723121195,1.642276613,1.650133392,1.768895257,-0.073082413,-0.42780326,0.87056063,0.808406045,-0.360081091,1.889645112,0.740898371,0,-0.502689733,-0.779783744,-0.3142353,3.02685329
WPRO,influenza trivalent inactivated vaccine,6.122219034,1.723121195,1.642276613,1.650133392,1.768895257,-0.073082413,-0.42780326,0.87056063,0.808406045,-0.360081091,1.889645112,0.740898371,0,-0.502689733,0.40333642,-0.27161079,1.963219339
WPRO,influenza trivalent live attenuated vaccine,,1.723121195,1.642276613,1.650133392,1.768895257,-0.073082413,-0.42780326,0.87056063,0.808406045,-0.360081091,1.889645112,0.740898371,0,-0.502689733,-0.779783744,-0.314224899,
WPRO,mOPV2,,1.723121195,1.642276613,1.650133392,1.768895257,-0.073082413,-0.42780326,0.87056063,0.808406045,-0.360081091,1.889645112,0.740898371,0,-0.502689733,-0.779783744,-0.298090646,
WPRO,sIPV,4.752628139,1.723121195,1.642276613,1.650133392,1.768895257,-0.073082413,-0.42780326,0.87056063,0.808406045,-0.360081091,1.889645112,0.740898371,0,-0.502689733,0.107556379,0.068740575,1.749656818
WPRO,tOPV,0.1649464,1.723121195,1.642276613,1.650133392,1.768895257,-0.073082413,-0.42780326,0.87056063,0.808406045,-0.360081091,1.889645112,0.740898371,0,-0.502689733,0.994896502,-0.114321042,0.152675077
